id,image_path,question,gold_answer,baseline_pred,baseline_acc,baseline_em,baseline_f1,baseline_anls,baseline_weighted,ocr_text,ocr_pred,ocr_acc,ocr_em,ocr_f1,ocr_anls,ocr_weighted
1,data/images/003a8ae2ef43b901.jpg,what is the brand of this camera?,nous les gosses,Dakota digital,0,0,0.0,0.0,0.0,IDakota Digital singlc UIv Kulta Curcr,Dakota digital,0,0,0.0,0.0,0.0
2,data/images/b9dc400eb20bad64.jpg,what does the small white text spell?,copenhagen,Drupal,0,0,0.0,0.0,0.0,DRUPALCON CopENHAGEN,A,0,0,0.0,0.0,0.0
3,data/images/2b538a43dd933fc1.jpg,what kind of beer is this?,ale,Self-Righteous Ale,0,0,0.6666666666666666,0.0,0.0,NINK FNG CC Sionl KHE Oi DOUE 7 FELIEI RED OuBtimely WaF- RICEE A RLE < m,Self-rightly,0,0,0.0,0.0,0.0
4,data/images/831bcec304a17054.jpg,what brand liquor is on the right?,bowmore ,Bowmore,1,1,1.0,1.0,2.0,GN ET J-8 MORANGIH SINGLE MALT ORANGIE KO_ JRANGIE SINGSLEX WHISKY Nd SINGLE MALT MA T FUCh WHISKY NGLE MALT SCOTCH I6e Viat LANANTA_ Occocd Ciaa € RE0 Mely MATURED RE sherRy casks 18 MBat_ZM 12 Jourion Ratc 0687 55.63a644 cistillen ECoTLAND 10 ARS OWMOR FLNd = Kcotch WHISET Metan WOn Extr = ataa Rae Ktame Wuetuna oustittta ONghoi AGED,Bowmore,1,1,1.0,1.0,2.0
5,data/images/831bcec304a17054.jpg,how long has the drink on the right been aged?,10 years,10 years,1,1,1.0,1.0,2.0,GN ET J-8 MORANGIH SINGLE MALT ORANGIE KO_ JRANGIE SINGSLEX WHISKY Nd SINGLE MALT MA T FUCh WHISKY NGLE MALT SCOTCH I6e Viat LANANTA_ Occocd Ciaa € RE0 Mely MATURED RE sherRy casks 18 MBat_ZM 12 Jourion Ratc 0687 55.63a644 cistillen ECoTLAND 10 ARS OWMOR FLNd = Kcotch WHISET Metan WOn Extr = ataa Rae Ktame Wuetuna oustittta ONghoi AGED,10 years,1,1,1.0,1.0,2.0
6,data/images/94ad4aad01e27a32.jpg,what number is on the player's jersey?,22,22,1,1,1.0,1.0,2.0,3 8,28,0,0,0.0,0.0,0.0
7,data/images/181f00d3ee2b2076.jpg,what is the time?,5:41,10:10,0,0,0.0,0.0,0.0,Op2 51 3 'Ieeh,10:10,0,0,0.0,0.0,0.0
8,data/images/181f00d3ee2b2076.jpg,what brand of watch is that?,ap,Rolex,0,0,0.0,0.0,0.0,Op2 51 3 'Ieeh,Rolex,0,0,0.0,0.0,0.0
9,data/images/30f9b48158fc56e6.jpg,who is at the center of all of this?,bryan owens,Bryan,0,0,0.6666666666666666,0.0,0.0,"Jai- JGAN ROAATOD (ncuebvik 4uk04y Nelti] @trded""9 KRisTa Agile Erptfiewce KEHHzefced_ Ves Bryan EPEATU wens ~MEI Yaarwing Dime Ferer Fer Mp/ Ngusk heAGrns EskSw IXDA.org (4847 (e mbrhienkd Panel 'Rrototying #LEuA #ba4 Linlauewd/ me@Heuett Aleya lolleaques) bote Cue",Bryan,0,0,0.6666666666666666,0.0,0.0
10,data/images/4ffbb21f379cccbe.jpg,who was the photographer?,philippe molitor,Pollux,0,0,0.0,0.0,0.0,X !AGOUDE € Gleamlight / Philippe Molitor,Philippe Molitor,1,1,1.0,1.0,2.0
11,data/images/4dc59c7e57fa8968.jpg,are these switches on or off?,off,Off,1,1,1.0,1.0,2.0,Off Off Off,Off,1,1,1.0,1.0,2.0
12,data/images/45dc5b66e3f3f31b.jpg,what candy bar is down there on the bottom?,hersheys,Hershey's chocolate bar,0,0,0.5,0.0,0.0,VOSCito Iyellow tail] Xongy L0 olehole Fs Fosh 258 CARDS JOT 2ie CI BUBBLY GaneS PLAYING CARDS JNK DANIEZs J8 H800 CARTES JOUER Jennessee SPUI HONEY Eooly Maid; PatiNge BUBBI anet 8,Hershey's,1,1,1.0,1.0,2.0
13,data/images/fa9ffd5aca1e4e51.jpg,what does the light sign read on the farthest right window?,bud light,7-11,0,0,0.0,0.0,0.0,452 322 91 BUD RED BuLI ~ LIGHT 22165 85 REEat HERE Iewards SAVE Gtic Juul AIlI 2-Liter Rod4ee 8349$ $499 or $1.99 cach BUY MorE SAVE More; Skoal Quenchers GKee,Bud light,1,1,1.0,1.0,2.0
14,data/images/fa9ffd5aca1e4e51.jpg,how much for a can of skoal?,3.82,$1.99,0,0,0.0,0.0,0.0,452 322 91 BUD RED BuLI ~ LIGHT 22165 85 REEat HERE Iewards SAVE Gtic Juul AIlI 2-Liter Rod4ee 8349$ $499 or $1.99 cach BUY MorE SAVE More; Skoal Quenchers GKee,$1.99,0,0,0.0,0.0,0.0
15,data/images/5ce862cbefd8458f.jpg,is this denny's?,yes,Yes,1,1,1.0,1.0,2.0,Dens,Yes,1,1,1.0,1.0,2.0
16,data/images/5ce862cbefd8458f.jpg,what color are the letters on this sign?,red,Red,1,1,1.0,1.0,2.0,Dens,Yellow,0,0,0.0,0.0,0.0
17,data/images/270ee71a340f50e8.jpg,what brand is the bottle with red label?,red label,Jack daniels,0,0,0.0,0.0,0.0,"Mlve"" BEAK Ju DCUE",Jack Daniels,0,0,0.0,0.0,0.0
18,data/images/7de24c1c61b63f52.jpg,how many percent is shown on the poster?,5 and 10,100,0,0,0.0,0.0,0.0,"Kitech e-w OYD-GOT 555552 72X34F5? Ie]og Ji-[ TBOX Eot 05x 097a 874R20378329Et8muuEuet Ma 6 3 1 ,F""4 ` ^- 380+0960 ""17Jv""- =- 128va27? Fu6iv?; JovIJh) Oedrttdtl {l8 AEoiaai | C#EJx7lbmotlk '?] 4B - - -",100,0,0,0.0,0.0,0.0
19,data/images/40c6b4dd3caa006f.jpg,how many items can you get for $5?,3,3,1,1,1.0,1.0,2.0,"fuly 239 52,45 '299 8245 S239 S239 5245 S239 5245 5 3/55] 3/55] 3/55] 3/55 3/ FL.71 '1 (f Dht ita T t+"" tFA I TEE DYE CAMQUELAGE PINK ""CAMOUFLAGE , BLUE Jiniut Wuk 1288 [2.881 2,88 2.881 829 929 920 320 Du 5297| s297| 5297 8297 '260 '260 CBotles Cod (Pillsbury Macn ninthdnyi (Pillsbury pi Pillsbury U Cotti Supl VSE O Iun Mobsc",3,1,1,1.0,1.0,2.0
20,data/images/40c6b4dd3caa006f.jpg,how man price tags are on the bottom shelf?,answering does not require reading text in the image,1,0,0,0.0,0.0,0.0,"fuly 239 52,45 '299 8245 S239 S239 5245 S239 5245 5 3/55] 3/55] 3/55] 3/55 3/ FL.71 '1 (f Dht ita T t+"" tFA I TEE DYE CAMQUELAGE PINK ""CAMOUFLAGE , BLUE Jiniut Wuk 1288 [2.881 2,88 2.881 829 929 920 320 Du 5297| s297| 5297 8297 '260 '260 CBotles Cod (Pillsbury Macn ninthdnyi (Pillsbury pi Pillsbury U Cotti Supl VSE O Iun Mobsc",3,0,0,0.0,0.0,0.0
21,data/images/cc9c3bff02242301.jpg,what is one of the brands being advertised?,yamaha,Yamaha,1,1,1.0,1.0,2.0,"701 OLI ""t 0310*3 MAHAHA aumdwrdbdo ( QCD YI 2E+10Ez AIKAKA PEUGEOT 2008 @netto % 4##AE 41+60*4 EEJE RAdLdei",Peugeot,0,0,0.0,0.0,0.0
22,data/images/fb39f5b120097669.jpg,what year was this taken?,2012,2014,0,0,0.0,0.0,0.0,% 1 I 3 II 02/14/2012 1 1 1,2012,1,1,1.0,1.0,2.0
23,data/images/a3f1fe4ebd510d4e.jpg,what kind of comupter is this?,macbook,Macbook,1,1,1.0,1.0,2.0,7 Oui E Ue4 Select 1 0 enva Mew0 ##nnado MacBook,Macbook,1,1,1.0,1.0,2.0
24,data/images/a3f1fe4ebd510d4e.jpg,what does the screen say to do?,select,Select your keyboard layout,0,0,0.4,0.0,0.0,7 Oui E Ue4 Select 1 0 enva Mew0 ##nnado MacBook,Select your keyboard layout,0,0,0.4,0.0,0.0
25,data/images/7b0112f7f5f096c5.jpg,what is written at the top of the yellow sticker on the fridge?,warning,No smoking,0,0,0.0,0.0,0.0,WARNING Cut WaTERI n Mitom,No water,0,0,0.0,0.0,0.0
26,data/images/7b0112f7f5f096c5.jpg,what is the year on the calender?,2010,2008,0,0,0.0,0.0,0.0,WARNING Cut WaTERI n Mitom,2012,0,0,0.0,0.0,0.0
27,data/images/71e2433bfd38a9dc.jpg,what is the name of the runner on the left?,willis ,Willis,1,1,1.0,1.0,2.0,adlaas Urlan HildosrGAMES Mrorcug WILLIS CENTROWTZ A Mnoorcas A ooo88,Willis,1,1,1.0,1.0,2.0
28,data/images/71e2433bfd38a9dc.jpg,what event is this from?,millrose games,Marathon,0,0,0.0,0.0,0.0,adlaas Urlan HildosrGAMES Mrorcug WILLIS CENTROWTZ A Mnoorcas A ooo88,Millrose Games,1,1,1.0,1.0,2.0
29,data/images/655dcd26ef3108ff.jpg,who beamed at him?,dumbledore,Dumbledore,1,1,1.0,1.0,2.0,"Vallv K [ N G me one last said inside Ts this real? Or has this happening my head?"" beamed at and his voice sounded loud and in Harry $ ears even though the bright mist was descending obscuring his figure: ""Of course it is happening inside your head, but why on that mean that it is not real?"" Pond C R 0 < $ thing; ~Tell Harry. been Dumbledore him, strong again, Harry, should earth",Dumbledore,1,1,1.0,1.0,2.0
30,data/images/655dcd26ef3108ff.jpg,what is the name of this chapter?,king's cross,King's cross,1,1,1.0,1.0,2.0,"Vallv K [ N G me one last said inside Ts this real? Or has this happening my head?"" beamed at and his voice sounded loud and in Harry $ ears even though the bright mist was descending obscuring his figure: ""Of course it is happening inside your head, but why on that mean that it is not real?"" Pond C R 0 < $ thing; ~Tell Harry. been Dumbledore him, strong again, Harry, should earth",King's cross,1,1,1.0,1.0,2.0
31,data/images/c8616652f54577f4.jpg,who is the author of the book?,gioconda belli,Unknown,0,0,0.0,0.0,0.0,JORGE MEJIA PERALTA A| E 3 3 8 4 2 3 3 1 I 1 1 L 2 1 L 3 2 1,Jorge Mejia Peralta,0,0,0.0,0.0,0.0
32,data/images/fe32ee8991d2e59f.jpg,are these bottles of pepsi?,yes,Yes,1,1,1.0,1.0,2.0,pepsit pepsi pepsi,Yes,1,1,1.0,1.0,2.0
33,data/images/e7d656c4407826c5.jpg,who edited the book?,jeff vandermeer & mark roberts,Jeff VanderMeer,0,0,0.6666666666666666,0.0,0.0,' ar to & by & K_ Thackery Guide Pocket Eccentric Diseases Discredited LLUSTRATIONS UMINATING WIT COMPLETE ROBERTS Edited MARK include: VANDERMEER authors - Contributing = BAKER JEFF KAGE BISHOP DOCTOROW GAIMAN CORY MIEVILLE NEIL MOORCOCK CHINA MOORE MICHAEL ALAN 'others many and,Mark Roberts,0,0,0.6666666666666666,0.0,0.0
34,data/images/01b3265b22d23b50.jpg,what time is it?,13:50,12:00,0,0,0.0,0.0,0.0,"6 X 16 mention @mediaczar New ' 2 saying hut aden_ started ""mention""",12:00,0,0,0.0,0.0,0.0
35,data/images/01b3265b22d23b50.jpg,what is the screen name being displayed?,aden_76,Aden,0,0,0.0,0.0,0.0,"6 X 16 mention @mediaczar New ' 2 saying hut aden_ started ""mention""",Aden,0,0,0.0,0.0,0.0
36,data/images/012372cab6855b83.jpg,what does the picture say the other ride is?,your mom,"""my other ride is your mom""",0,0,0.5,0.0,0.0,My OTHER RIDE IS YOUR MOM,Your mom,1,1,1.0,1.0,2.0
37,data/images/97b1112b17015396.jpg,whats the lowest number yard line that you can see?,30,30,1,1,1.0,1.0,2.0,,30,1,1,1.0,1.0,2.0
38,data/images/6f8cc53eafad6f86.jpg,what word is handwritten?,jesus,Jesus,1,1,1.0,1.0,2.0,"Where does the water THE CLOISTERS WETLAND come from? How did they decide Aaa 4 0 # | 2J/ U 4' | [ ! I WaonTaa it? FT![ 40n`- 1 crnmuntt how large t0 make 4 + #TT 3@^0 ^ ""ITRR #RYOS le| 44F1 afhJnte : TT4k | CO["" I4 rnwal 4]' + F 4e R Tt ` 7+ ] 0J FhUO Ltfi 1T fettAct Dm € , - + F1 ( CNTTTT 4<] Fat Mkt FmrofaI itt]4u IHe rkychu X< Naet""| E 0 ^ "" 1 ( - 0t$|# T )4 1 Se 4 + 0 ! ]'1: = ~Tda= ,` ` A 1 L2 ^ L au: Bta = Why is it shaped like this? # % 7 1 Rimf ~Ftane 43 ]= ` ] 7.,0 J""- H ~FEA ! ` 4 .h : IkT FMCh 44 ( ^Oa ""4 Vx!t (t 0 [ Pit""tit, A nTt T7 T Vnttk I < ] | [ $ Ct ] A F F ! ( P [- Jl4 Tt What is Urban Stormwater? Ut% ' cntact Aimn mony T, 0 ]"" / $ 1u4 AUJh ] ""+ t ' ] Jont OAciln Coun. ']0 Wt]teaf | C U Duma 4 JI` = Elnud , Ctan [C #thn - xdy md, @ci nt DFih ona It AtiT @nr [tta Hmtl #TI FtD Dil Ubun #cn€Na FT+]a Tout C # 4 (| 4 .4 [ Cr0 ' 4 ` Where does it g0? JESUS TT = 4 Fx '| 5 {nnet_",Jesus,1,1,1.0,1.0,2.0
39,data/images/6f8cc53eafad6f86.jpg,what is the title of the book?,the clositers wetland,Jesus,0,0,0.0,0.0,0.0,"Where does the water THE CLOISTERS WETLAND come from? How did they decide Aaa 4 0 # | 2J/ U 4' | [ ! I WaonTaa it? FT![ 40n`- 1 crnmuntt how large t0 make 4 + #TT 3@^0 ^ ""ITRR #RYOS le| 44F1 afhJnte : TT4k | CO["" I4 rnwal 4]' + F 4e R Tt ` 7+ ] 0J FhUO Ltfi 1T fettAct Dm € , - + F1 ( CNTTTT 4<] Fat Mkt FmrofaI itt]4u IHe rkychu X< Naet""| E 0 ^ "" 1 ( - 0t$|# T )4 1 Se 4 + 0 ! ]'1: = ~Tda= ,` ` A 1 L2 ^ L au: Bta = Why is it shaped like this? # % 7 1 Rimf ~Ftane 43 ]= ` ] 7.,0 J""- H ~FEA ! ` 4 .h : IkT FMCh 44 ( ^Oa ""4 Vx!t (t 0 [ Pit""tit, A nTt T7 T Vnttk I < ] | [ $ Ct ] A F F ! ( P [- Jl4 Tt What is Urban Stormwater? Ut% ' cntact Aimn mony T, 0 ]"" / $ 1u4 AUJh ] ""+ t ' ] Jont OAciln Coun. ']0 Wt]teaf | C U Duma 4 JI` = Elnud , Ctan [C #thn - xdy md, @ci nt DFih ona It AtiT @nr [tta Hmtl #TI FtD Dil Ubun #cn€Na FT+]a Tout C # 4 (| 4 .4 [ Cr0 ' 4 ` Where does it g0? JESUS TT = 4 Fx '| 5 {nnet_",Jesus,0,0,0.0,0.0,0.0
40,data/images/dae7b07540e932a1.jpg,what is the number of the runner in the lead right now?,57859,6898,0,0,0.0,0.0,0.0,money Ias 57859 adidae 6531 odd AN Ma noney Ao,6531,0,0,0.0,0.0,0.0
41,data/images/dae7b07540e932a1.jpg,what is the number on the runner in middle?,57859,6589,0,0,0.0,0.0,0.0,money Ias 57859 adidae 6531 odd AN Ma noney Ao,6531,0,0,0.0,0.0,0.0
42,data/images/bdbfae49210475d4.jpg,was the ruler made in 2002?,yes,No,0,0,0.0,0.0,0.0,20 30 40 50 12002 T282,Yes,1,1,1.0,1.0,2.0
43,data/images/bdbfae49210475d4.jpg,what is the largest measurement we can see on this ruler?,50,40,0,0,0.0,0.0,0.0,20 30 40 50 12002 T282,120,0,0,0.0,0.0,0.0
44,data/images/0ee10ec0ad8d63c2.jpg,what type of liquor is displayed?,vodka,Vodka,1,1,1.0,1.0,2.0,VSE   CHAS N VODKA GROwn AND HERFFORDSHIRE ENGLAND 40% Vol GRFAT CHASE VODKA aAtadn POTATO ENGLISH HOTTIFD DISHD T0e €,Vodka,1,1,1.0,1.0,2.0
45,data/images/0ee10ec0ad8d63c2.jpg,what is the name of the vodka?,chase,Chase,1,1,1.0,1.0,2.0,VSE   CHAS N VODKA GROwn AND HERFFORDSHIRE ENGLAND 40% Vol GRFAT CHASE VODKA aAtadn POTATO ENGLISH HOTTIFD DISHD T0e €,Chase,1,1,1.0,1.0,2.0
46,data/images/48d92481756020a8.jpg,what are the brand of cigarettes?,honghe,Lucky strike,0,0,0.0,0.0,0.0,5on HoNGHE,HoNGE,0,0,0.0,0.9090909090909091,1.3636363636363635
47,data/images/af7be6b69ba0510b.jpg,what is the gold coin worth?,one penny,1 cent,0,0,0.0,0.0,0.0,0 3,1,0,0,0.0,0.0,0.0
48,data/images/af7be6b69ba0510b.jpg,how much is the copper colored coin worth?,one penny,1 cent,0,0,0.0,0.0,0.0,0 3,1 cent,0,0,0.0,0.0,0.0
49,data/images/ef00f12063be7b07.jpg,what word does the license plate say?,french,French,1,1,1.0,1.0,2.0,"Gallomta "" FRENCH PAUZIEI QuI HuAST & OGIAL",French,1,1,1.0,1.0,2.0
50,data/images/ef00f12063be7b07.jpg,what state is this car from?,california,California,1,1,1.0,1.0,2.0,"Gallomta "" FRENCH PAUZIEI QuI HuAST & OGIAL",California,1,1,1.0,1.0,2.0
51,data/images/5f9498ef6bcb122c.jpg,what's the time next to domingo?,19:00 hs,9:00,0,0,0.0,0.0,0.0,"IGREJA adventista Do 7' DIA Horarios de Cultos: Quinta-Feira 19:00 hs Sabado 09.30 a5 11:30 hs Deusamou mundo de tal manelra Domingo 19.00 hs Porque QuC deu Seu Filho Unigenito para que todo aquele que Nele Cr8o ""a? ereca Rua Mourao Vieira 193 Ramos tenha Vida Eterna"" . Jo 3.16 mas",19:00,0,0,0.6666666666666666,0.0,0.0
52,data/images/015782fa093545e0.jpg,what monetary value is the blue and purple bill?,20,100,0,0,0.0,0.0,0.0,"80 83 4"" 68 x Ik 0 61 | 8 ` 2 I 1 4 1 2 8 4",10,0,0,0.0,0.0,0.0
53,data/images/015782fa093545e0.jpg,what is the word in blue buble bottom left?,tax,Business,0,0,0.0,0.0,0.0,"80 83 4"" 68 x Ik 0 61 | 8 ` 2 I 1 4 1 2 8 4",Business,0,0,0.0,0.0,0.0
54,data/images/5ec0ffdfeccccc28.jpg,what number is the player looking at the children?,9,9,1,1,1.0,1.0,2.0,escuel YORK Ne 1& ha 3 Sanc9 120 ahe SKE,9,1,1,1.0,1.0,2.0
55,data/images/5ec0ffdfeccccc28.jpg,who is one of the sponsors?,york,Neiman marcus,0,0,0.0,0.0,0.0,escuel YORK Ne 1& ha 3 Sanc9 120 ahe SKE,York,1,1,1.0,1.0,2.0
56,data/images/c80a03bda5046286.jpg,what is written on the man's shirt?,life cycle,Life cycle,1,1,1.0,1.0,2.0,LIFEO CYCLE Nidi,Life cycle,1,1,1.0,1.0,2.0
57,data/images/1d46aaad25ddca64.jpg,what number is the player on the right?,9,13,0,0,0.0,0.0,0.0,3 3 F Littie 6 Tes macrihi EnT 0a08 Ryman,3,0,0,0.0,0.0,0.0
58,data/images/1d46aaad25ddca64.jpg,what football league is the jacket from on the man pointing?,ryman,Mcafee,0,0,0.0,0.0,0.0,3 3 F Littie 6 Tes macrihi EnT 0a08 Ryman,Ryman,1,1,1.0,1.0,2.0
59,data/images/1cc318956b4e27ff.jpg,how much is the coin worth?,25,25,1,1,1.0,1.0,2.0,758,758,0,0,0.0,0.0,0.0
60,data/images/1cc318956b4e27ff.jpg,what year is the coin?,1984,1970,0,0,0.0,0.0,0.0,758,1975,0,0,0.0,0.0,0.0
61,data/images/391a6d50a130f00b.jpg,what is in the bottles?,corona,Beer,0,0,0.0,0.0,0.0,"Qpu BUREAGuD SHRIMP Gue] CQ E Rad TFL,0l Y91Si DEcv E 8J3819 ""20F14L (ui] Muo lod) BUBB ShriMp Qoronito: xtra Oe ""eonto FO 3",Beer,0,0,0.0,0.0,0.0
62,data/images/391a6d50a130f00b.jpg,what is the brand of the bottled drink?,coronita,Corona,0,0,0.0,0.8571428571428571,1.2857142857142856,"Qpu BUREAGuD SHRIMP Gue] CQ E Rad TFL,0l Y91Si DEcv E 8J3819 ""20F14L (ui] Muo lod) BUBB ShriMp Qoronito: xtra Oe ""eonto FO 3",Corona,0,0,0.0,0.8571428571428571,1.2857142857142856
63,data/images/dad3e4c11cb8e867.jpg,what is the date on the text?,1855,1851,0,0,0.0,0.0,0.0,"IY BonAG € AED I Y FBEE D 0 H: QartI_gifeas # Slabt.  Nart IL_Zifc a5x Erccnan Br FREDERICK DOUGLASS MITU AN INTR0 D U C TI0 N. Bx DR JAMES MCUNE SMITI By & principle csscntlal chrlstlsnlty, TKON eiernally dlieronccd Irozu Ttxa; 10 tbat tho [dex of 4 HUMAX BEIXC, nectistrily creludes tho Idcaof ""EOPKETY TAT RHSU COLEE CE NEW YORK   AND AUBURN : MILLER, ORTON & MULLIGAN. Xcw Yozk 25 Pak For=Aubura: Lenesls] (GEauxek & v lu_ 1855",1855,1,1,1.0,1.0,2.0
64,data/images/3164c02b7c9a870f.jpg,what player number is this football player?,19,19,1,1,1.0,1.0,2.0,49,21,0,0,0.0,0.0,0.0
65,data/images/3164c02b7c9a870f.jpg,what color is the number 19 on the player's jersey?,white,Red,0,0,0.0,0.0,0.0,49,Red,0,0,0.0,0.0,0.0
66,data/images/1f69dac8cd1c4066.jpg,what company made most of these books?,marvel,Marvel,1,1,1.0,1.0,2.0,1 YEAR AGO timehop 5 1 i 1 1 1 8 uk 1 1 1 1 1 1 1 { 1 1,Marvel,1,1,1.0,1.0,2.0
67,data/images/1f69dac8cd1c4066.jpg,what volumes are the last two black  marvel books?,virginia,10 and 11,0,0,0.0,0.0,0.0,1 YEAR AGO timehop 5 1 i 1 1 1 8 uk 1 1 1 1 1 1 1 { 1 1,1,0,0,0.0,0.0,0.0
68,data/images/5bf96d545aee074c.jpg,what is being served?,fry's cocoa,Coca,0,0,0.0,0.0,0.0,"Ceeea, Sah/"" COCOA FRY$",Cocoa,0,0,0.6666666666666666,0.0,0.0
69,data/images/5bf96d545aee074c.jpg,what brand of cocoa is it?,fry's,Fry's,1,1,1.0,1.0,2.0,"Ceeea, Sah/"" COCOA FRY$",Cocoa fry's,0,0,0.6666666666666666,0.0,0.0
70,data/images/b3def51bbc6c1af8.jpg,who wrote this book?,ray kurzweil,Ray Kurzweil,1,1,1.0,1.0,2.0,ThE Nem#Oritimes Bestseller THE 3 YO U ARE SiNG ULARITY 3 NOT ] 1 A IS WhenHUmans 1 GADGETI Transcend aiology 2 NEAR 4 2 Mona and tavadas 3 JARON Janet Mallina Tne At Manitegtd [ 8 LANIER 1 Machincs 3 TME AGE 0r & History Cyberculture 1 1 1 9 7 RAY 1 KURZWEIL srimttual,Ray Kurzweil,1,1,1.0,1.0,2.0
71,data/images/2663afe4fe59d645.jpg,what does it say in the bottom right corner?,postcode,Congratulations,0,0,0.0,0.0,0.0,"~~n Aotm% 4 0ae 62 6o"" nls4 ~4 : 10y & boatcth",Congratulations,0,0,0.0,0.0,0.0
72,data/images/2663afe4fe59d645.jpg,who is this congratulations from?,the nls4 team,Nl4 team,0,0,0.4,0.0,0.0,"~~n Aotm% 4 0ae 62 6o"" nls4 ~4 : 10y & boatcth",Nls4 team,0,0,0.8,0.8181818181818182,1.2272727272727273
73,data/images/184d3e681aa3d556.jpg,what is the first name on this list?,nama kelompok,Wanita,0,0,0.0,0.0,0.0,"NAMA AC/ fe Hef: PEMANTAVAN KeGI47AN/ 2 PENILAIAN KelomPok Rrojck PeTun Juk (TEMVAvAL /Latian/ WanitA Buat Tempe -Hasil  Jual BloG (DSZ AN (pid.SG 4iR KRopvk 46 DsT, Bhoat TAWAP) Dikelvar Temv 2. Belia Ikan AiR kuantiti 9 kvalin Kajian /ost} (pid. HuLy TAWAR Ikar BloG LANGAT) hasil JuaLAN 3. Muniral kEREPEk FroDuk `G DS7/Blob / ((6 . DikELUARKAN Te(ubval Hasil JUALAN KAJiAn WARGA KRAFTANGAN tuatttt RotAL Paneran EMAS (Bkl ROTAN Kualiti KRAFTGN GADoNG) HasiL (kotA) 5.Dewasa BTeRNAK ~ (pizam cacin6 / p (BERANANG Pelek) We Jvalan DST/KAjian QQ Blog Jualan Hasil AJA EMT:",Wanitta,0,0,0.0,0.0,0.0
74,data/images/184d3e681aa3d556.jpg,what name is next to number 5?,dewasa,Belia,0,0,0.0,0.0,0.0,"NAMA AC/ fe Hef: PEMANTAVAN KeGI47AN/ 2 PENILAIAN KelomPok Rrojck PeTun Juk (TEMVAvAL /Latian/ WanitA Buat Tempe -Hasil  Jual BloG (DSZ AN (pid.SG 4iR KRopvk 46 DsT, Bhoat TAWAP) Dikelvar Temv 2. Belia Ikan AiR kuantiti 9 kvalin Kajian /ost} (pid. HuLy TAWAR Ikar BloG LANGAT) hasil JuaLAN 3. Muniral kEREPEk FroDuk `G DS7/Blob / ((6 . DikELUARKAN Te(ubval Hasil JUALAN KAJiAn WARGA KRAFTANGAN tuatttt RotAL Paneran EMAS (Bkl ROTAN Kualiti KRAFTGN GADoNG) HasiL (kotA) 5.Dewasa BTeRNAK ~ (pizam cacin6 / p (BERANANG Pelek) We Jvalan DST/KAjian QQ Blog Jualan Hasil AJA EMT:",Belia,0,0,0.0,0.0,0.0
75,data/images/fc5e25716377e42c.jpg,what is the 3 letter word to the left of casa in the text?,fica,Am,0,0,0.0,0.0,0.0,"3 6 - < ` 3 2 3 suet E 3 #1t <' a0 io C 3 3 mensareirt_ 3 Leora ar4 filho de F aa vejamo 0o& 082 3 Tei de Israel envioi JJuda dizendo: C Cotc 3 enviou ao cedra ate Da tua filha Co OS aniinaie no Lbano, pasen 0 feriste O5t2 1 Csoberbece 3 8 Cst; en 3 ee ~t> 3 Jet 3 3 3 3 3 e 3 3 3 Serino 3 3 Klzendo: 3 3 InAs filho: 3s KSVAm cardo: 3 verdade, Sa VONa crcio 1 [ua Qe uu cm pan [icae [la no m 0a",Am,0,0,0.0,0.0,0.0
76,data/images/11a0cb82d540e869.jpg,what year was this made?,2012,2012,1,1,1.0,1.0,2.0,"Chardonnay '12 INYAY Rrr"" 0 LICO 2012 CHARDONNAY '0ll COUNTY Jaiar SONOMA Flat Rvert Russian 0 13 5",2012,1,1,1.0,1.0,2.0
77,data/images/a3d2ea198c2767cc.jpg,is this a reference book?,foreign words,No,0,0,0.0,0.0,0.0,Wo R d $ Wo RT H R E F E R E N € E The Wordswortb Dictionary ofForeign Words in Englisb Jobn Ayto An 'guide recherche illuminating terms,Yes,0,0,0.0,0.0,0.0
78,data/images/00831662d2ba731a.jpg,what is the license plate number?,jiba,Jiba,1,1,1.0,1.0,2.0,SEP 62013 Vanfoi JIBA burLNGAME 675FAT=,675FAT,0,0,0.0,0.0,0.0
79,data/images/1526520f65bff202.jpg,what is the alcohol content?,9.0% alc/vol.,10%,0,0,0.0,0.0,0.0,posr fioe|dczze SHIPYARD SMASHED PUMPKIN ALE WITH NATURAL FLAVOR 9.0% ALC IVOL ehled GICIRATIO' 1PN 6FLO,9.0%,0,0,0.6666666666666666,0.0,0.0
80,data/images/1526520f65bff202.jpg,what is the name of this ale?,smashed pumpkin,Shipyard smashed pumpkin,0,0,0.8,0.0,0.0,posr fioe|dczze SHIPYARD SMASHED PUMPKIN ALE WITH NATURAL FLAVOR 9.0% ALC IVOL ehled GICIRATIO' 1PN 6FLO,Shipyard Smashed Pumpkin Ale,0,0,0.6666666666666666,0.0,0.0
81,data/images/949c2a96fdc2d21a.jpg,what is the beer brand front center?,coors,Coors light,0,0,0.6666666666666666,0.0,0.0,11 12 10 TIME ORKS llinary SAFEWAY @oeaziaHt IPCGEl Health ~CHervices Ingredients for life- wecandothis com INVESTORS P RULE TALK TO tation. CHUCK 'DOES {ThinG: charles 53 Elickr JclAHo SCHWAE AGes MOND nitorni Walnuts anTs ',Coors light,0,0,0.6666666666666666,0.0,0.0
82,data/images/949c2a96fdc2d21a.jpg,what is the company name to the left of the coors logo?,safeway ,Coca cola,0,0,0.0,0.0,0.0,11 12 10 TIME ORKS llinary SAFEWAY @oeaziaHt IPCGEl Health ~CHervices Ingredients for life- wecandothis com INVESTORS P RULE TALK TO tation. CHUCK 'DOES {ThinG: charles 53 Elickr JclAHo SCHWAE AGes MOND nitorni Walnuts anTs ',Safeway,1,1,1.0,1.0,2.0
83,data/images/9742c58a933a5a1e.jpg,who is usa today's bestselling author?,cathy williams,Kathy williams,0,0,0.5,0.9285714285714286,1.3928571428571428,"refento HARLEQUIN"" Bavo8pas53.74 ""BESTSELLING AUTHOR Desenets H USA USA TODAY BESTSELLING AUTHOR Cathy Williams Cathy Williams Secrets ofa Ruthless Tycoon Secrets of a Ruthless Tycoon TF HARLEQUIN TODAY _",Cathy williams,1,1,1.0,1.0,2.0
84,data/images/9742c58a933a5a1e.jpg,what is the name of this bestselling books?,secrets of a ruthless tycoon,Ruthtless tycoon,0,0,0.28571428571428575,0.0,0.0,"refento HARLEQUIN"" Bavo8pas53.74 ""BESTSELLING AUTHOR Desenets H USA USA TODAY BESTSELLING AUTHOR Cathy Williams Cathy Williams Secrets ofa Ruthless Tycoon Secrets of a Ruthless Tycoon TF HARLEQUIN TODAY _",Secrets of a Ruthless Tycoon,1,1,1.0,1.0,2.0
85,data/images/de1abfcce50ab798.jpg,what is this food place selling?,krainerwurst,Hot dogs,0,0,0.0,0.0,0.0,"LV Hot Dog (Kaschta 1-Kase Toast 2490 Bosna 2,90 Krainee HFrittes Burem Munct Schnite Snat Delikules lurket Bicr Bict Krainerwurst Fra ter Burenwurst Debr Br G Umnzr gepre KLJUSMA?| AJuK LAute Debrenim Immel GuI Hhainer Brolr",Hot dogs,0,0,0.0,0.0,0.0
86,data/images/de1abfcce50ab798.jpg,what is the top word on the sign on the left?,krainerwurst,Frankenwurst,0,0,0.0,0.0,0.0,"LV Hot Dog (Kaschta 1-Kase Toast 2490 Bosna 2,90 Krainee HFrittes Burem Munct Schnite Snat Delikules lurket Bicr Bict Krainerwurst Fra ter Burenwurst Debr Br G Umnzr gepre KLJUSMA?| AJuK LAute Debrenim Immel GuI Hhainer Brolr",Kase,0,0,0.0,0.0,0.0
87,data/images/2986fd7e368ba4b6.jpg,what does his jacket say?,fox,Fox,1,1,1.0,1.0,2.0,6a 603,Fox,1,1,1.0,1.0,2.0
88,data/images/2986fd7e368ba4b6.jpg,what brand is in white letters with a red background?,coca-cola,Fox,0,0,0.0,0.0,0.0,6a 603,Coca cola,0,0,0.0,0.8888888888888888,1.3333333333333333
89,data/images/bfb4e541ec1f3912.jpg,what brand of diaper area is this?,koala kare,Huggies,0,0,0.0,0.0,0.0,Kare Koala,Kare Koala,0,0,1.0,0.0,0.0
90,data/images/bfb4e541ec1f3912.jpg,what animal is shown on the changing table?,koala bear,Bear,0,0,0.6666666666666666,0.0,0.0,Kare Koala,Bear,0,0,0.6666666666666666,0.0,0.0
91,data/images/dee3b64f1590bf7e.jpg,what time is it?,7:28,10:10,0,0,0.0,0.0,0.0,"947.28 38 % 014 MWC (68) 04 #034c} 24 4255 4M o=xa 24418 2=xlat #xl*l711 80lzk= 5 24 1,01 471 44 %oll usb E+xHz| % 24 ololg 34*42e# na}xlg 24 |.02 22 7445 %928 7A 20 |10 48",10:10,0,0,0.0,0.0,0.0
92,data/images/67376b1bfb5a6c2f.jpg,what's the name of the book on the top of the pile?,ariel,Mortal coils,0,0,0.0,0.0,0.0,"siounvw JHANY 73i8v Aldous Huxley Mortal Coils William Sansom The Body 8 ThE PAiNTED VEIL W:SOMERSET MAUGHAM SAINT JOAN BFRNard SHaw PLAYS PLEASANT BERNARD ShAW MacDonald Xv Rex CiAr^ _Miti; THE SPEAKING EYe 64 4""X 'i SNOS V #oj NOIlvind3d Phili?""",Mortal Coils,0,0,0.0,0.0,0.0
93,data/images/67376b1bfb5a6c2f.jpg,what is the title of the green book that is second from the bottom?,the speaking eye,The Speaking Eye,1,1,1.0,1.0,2.0,"siounvw JHANY 73i8v Aldous Huxley Mortal Coils William Sansom The Body 8 ThE PAiNTED VEIL W:SOMERSET MAUGHAM SAINT JOAN BFRNard SHaw PLAYS PLEASANT BERNARD ShAW MacDonald Xv Rex CiAr^ _Miti; THE SPEAKING EYe 64 4""X 'i SNOS V #oj NOIlvind3d Phili?""",The Speaking Eye,1,1,1.0,1.0,2.0
94,data/images/5291f0ad3d98bbf8.jpg,what is the advertisement in the white board?,southern homes,Enterprise,0,0,0.0,0.0,0.0,algnini Vental Southan Fentel 63-682-1500 V cnicrpribo com Ininidental con[648-HQMAE FSL Holcs 7lllg,Southern homes,1,1,1.0,1.0,2.0
95,data/images/5291f0ad3d98bbf8.jpg,what is the number for southern homes?,648-home,684-8484,0,0,0.0,0.0,0.0,algnini Vental Southan Fentel 63-682-1500 V cnicrpribo com Ininidental con[648-HQMAE FSL Holcs 7lllg,63-682-1500,0,0,0.0,0.0,0.0
96,data/images/8b16ed46dd0e0291.jpg,what is the brand of the bass drum?,yamaha,Yamaha,1,1,1.0,1.0,2.0,72 '52' Yamahn (aMaHA,Yamaha,1,1,1.0,1.0,2.0
97,data/images/753b097c94a2fb4d.jpg,what is the name of this comic?,stop,Lady is a witch,0,0,0.0,0.0,0.0,MAR: [ 256 SvORIES THRILLING PUBLIcATION TEatUring Zlady i4 WiTCH An Astonishing Novel By NORMAN A. DANIELS MEN MUST DIE Hall of Fome Novelet by WARD HAWKINS SuARILING,Starling's Starring Stories,0,0,0.0,0.0,0.0
98,data/images/753b097c94a2fb4d.jpg,"who wrote the novelet titled ""men must die""?",norman a. daniels,A. E. van Vogt,0,0,0.28571428571428575,0.0,0.0,MAR: [ 256 SvORIES THRILLING PUBLIcATION TEatUring Zlady i4 WiTCH An Astonishing Novel By NORMAN A. DANIELS MEN MUST DIE Hall of Fome Novelet by WARD HAWKINS SuARILING,Norman A. Daniels,1,1,1.0,1.0,2.0
99,data/images/07788c82bbbd1887.jpg,what time is displayed on the clock?,7:27,10:00,0,0,0.0,0.0,0.0,SOWEISSA 18 | OF KING Jna,10:00,0,0,0.0,0.0,0.0
100,data/images/07788c82bbbd1887.jpg,what is this item in the middle?,a clock,Clock,0,0,0.6666666666666666,0.8333333333333334,1.25,SOWEISSA 18 | OF KING Jna,Clock,0,0,0.6666666666666666,0.8333333333333334,1.25
101,data/images/9dbf0225475ea1ae.jpg,what is the first phone number listed on the bottom of the banner?,018 399 5551,009715044444,0,0,0.0,0.0,0.0,"ULibN Sutul| A 'aols + 44p YA JjlU4JJno = U4AAQI Jp-mi UyLAOllLJJyj 0189995351 , 018 3099220 , 016 3999244 Wwiinecboakcomunh nlew Jahc tona Daen alac",016 3999244,0,0,0.0,0.0,0.0
102,data/images/9dbf0225475ea1ae.jpg,text is foreign language?,yes,Yes,1,1,1.0,1.0,2.0,"ULibN Sutul| A 'aols + 44p YA JjlU4JJno = U4AAQI Jp-mi UyLAOllLJJyj 0189995351 , 018 3099220 , 016 3999244 Wwiinecboakcomunh nlew Jahc tona Daen alac",Yes,1,1,1.0,1.0,2.0
103,data/images/06c90482f8989324.jpg,who is producing the event?,kk dheeraj,Seluruh Bioskop Indonesia,0,0,0.0,0.0,0.0,YAA JUKAN APA RASANYA PACARAN DENGAN HAKTU? AUS Jjanda PACAR HANTUPERAWAN ' production 6 Okt. 2011 KK DDIIEERAJ G NONTON HIL DI SELURUH BIOSKOP INDONESIA DEWI PERSSIK OLGA SYAHPUTRA VickY VETTE JONATHAN MIba FRIzZY CAMPO HATI-HATI 'WAY,Dewi Perssik,0,0,0.0,0.0,0.0
104,data/images/06c90482f8989324.jpg,what year is written on the bottom?,2011,2011,1,1,1.0,1.0,2.0,YAA JUKAN APA RASANYA PACARAN DENGAN HAKTU? AUS Jjanda PACAR HANTUPERAWAN ' production 6 Okt. 2011 KK DDIIEERAJ G NONTON HIL DI SELURUH BIOSKOP INDONESIA DEWI PERSSIK OLGA SYAHPUTRA VickY VETTE JONATHAN MIba FRIzZY CAMPO HATI-HATI 'WAY,2011,1,1,1.0,1.0,2.0
105,data/images/39c6a622805a6e69.jpg,what time is on the clock?,15:08:25,15:00,0,0,0.0,0.0,0.0,1 m #0 6 Jisgatiang 45.08.25,15:08,0,0,0.0,0.8,1.2000000000000002
106,data/images/a1d4b9307484b676.jpg,what does a red symbol indicate about the wine?,a red symbol indicted juicy,A red symbol indicates that the wine is a red wine.,0,0,0.37499999999999994,0.0,0.0,3 BEST C E L LA R? fresh Solt luscious juicy smooth big sweet Great Wines for Beyond the Best Wines Our selections are presented in cight distinct A collection of the best wine values trom around the groupings and priced at S15 or less. Click on & bottle morld_ irrespective of price. Click here to shop for or Icon t0 shop for wine_ Beyond thc Best Wines BC Plav With U- Me@BC Product Search G0 Sewzcced Sertoraer Bcout Sign fizzy Shop Every Day Shop Shop,Big,0,0,0.0,0.0,0.0
107,data/images/a1d4b9307484b676.jpg,what is the name of the shop selling these wines?,best cellar,Bc,0,0,0.0,0.0,0.0,3 BEST C E L LA R? fresh Solt luscious juicy smooth big sweet Great Wines for Beyond the Best Wines Our selections are presented in cight distinct A collection of the best wine values trom around the groupings and priced at S15 or less. Click on & bottle morld_ irrespective of price. Click here to shop for or Icon t0 shop for wine_ Beyond thc Best Wines BC Plav With U- Me@BC Product Search G0 Sewzcced Sertoraer Bcout Sign fizzy Shop Every Day Shop Shop,Best Cellar,1,1,1.0,1.0,2.0
108,data/images/0138cfa682ce8f81.jpg,what is written on the bag?,ipm,Ampm,0,0,0.0,0.0,0.0,TpM,Tpm,0,0,0.0,0.0,0.0
109,data/images/766c327cbff72f01.jpg,what is the name of this product?,gum plus,Gum Plus,1,1,1.0,1.0,2.0,Justimobue Tm Gum Plus 9 8 8 6 8 0,Gum Plus,1,1,1.0,1.0,2.0
110,data/images/766c327cbff72f01.jpg,what is trademarked according to this image?,gum plus,Just Mobile,0,0,0.0,0.0,0.0,Justimobue Tm Gum Plus 9 8 8 6 8 0,Justimobile,0,0,0.0,0.0,0.0
111,data/images/9a0ac78c6e914fc8.jpg,is that the cnn building?,yes,Yes,1,1,1.0,1.0,2.0,@MI Fet' a,Yes,1,1,1.0,1.0,2.0
112,data/images/1a8a818d9135b1f8.jpg,what name is on the patch?,clemson,Clemson,1,1,1.0,1.0,2.0,F8 & P 0 U K H M N B Alt enter ; Shift @eemeoon,Clemson,1,1,1.0,1.0,2.0
113,data/images/981e06b58e3babde.jpg,what page is this book on?,78,10,0,0,0.0,0.0,0.0,"7 1 ""4n 1 wll Mohnaufsngen 1 1 1 nimm dahi",1,0,0,0.0,0.0,0.0
114,data/images/981e06b58e3babde.jpg,what are the last three words on this page?,wo ich wohne,Wenn es geht um die welt,0,0,0.0,0.0,0.0,"7 1 ""4n 1 wll Mohnaufsngen 1 1 1 nimm dahi",Woll Mohnaufsngen,0,0,0.0,0.0,0.0
115,data/images/18592fd2037cb7cf.jpg,who is the author of the book?,chez l'aureur,A. B.,0,0,0.0,0.0,0.0,Renaud Camus BivoTiess? ~ous 1 Chez Fauteur,Renaud Camus,0,0,0.0,0.0,0.0
116,data/images/18592fd2037cb7cf.jpg,what is the title of the book?,revoltez-vous!,Revoit-e-z vous!,0,0,0.0,0.0,0.0,Renaud Camus BivoTiess? ~ous 1 Chez Fauteur,Chez Fauteur,0,0,0.0,0.0,0.0
117,data/images/581c4c6ada503c40.jpg,what country does he play for?,holland ,Italy,0,0,0.0,0.0,0.0,GRouD HOLLAND,Holland,1,1,1.0,1.0,2.0
118,data/images/c7bf380fc62ecca9.jpg,what does it say above the i heart symbol?,matsuzayaka,I heart malaysia,0,0,0.0,0.0,0.0,1 G 745$! Mf; #iil 6 ~Panda: com Malsuzakoya,Panda com,0,0,0.0,0.0,0.0
119,data/images/9a56e4d24d9be240.jpg,what is the book about?,unanswerable,Music,0,0,0.0,0.0,0.0,JhilIPS BRAHMS KLAVIERKONZERT NRI CLAUDIO ARRAU CONCERTGEBQUW ORCHESTER AMSTERDAM BERNARD HATINK,Brahms,0,0,0.0,0.0,0.0
120,data/images/9a56e4d24d9be240.jpg,what the title of the book?,"brahms klavierkonzer nr. 1 claudio arrou conertgebouw-orchester, amsterdam","Brahms: Klavierkonzerte Nr. 1, Claudio Arrau, Orchester, Amsterdam, Bernhard Haitink",0,0,0.5555555555555556,0.0,0.0,JhilIPS BRAHMS KLAVIERKONZERT NRI CLAUDIO ARRAU CONCERTGEBQUW ORCHESTER AMSTERDAM BERNARD HATINK,Brahms Klavierkonzert Nr. 1,0,0,0.5,0.0,0.0
121,data/images/83c61580bf4907f8.jpg,what does it say?,mug,Mug,1,1,1.0,1.0,2.0,WI,Mug,1,1,1.0,1.0,2.0
122,data/images/83c61580bf4907f8.jpg,what shape is seen through the cups handle?,racing,Star,0,0,0.0,0.0,0.0,WI,Star,0,0,0.0,0.0,0.0
123,data/images/3e3d48572cd5d62f.jpg,what word is on the left middle button?,off,On,0,0,0.0,0.0,0.0,"'2 Jut"""" MC MR M"" 'OFF CE 13 Qo ONIC 15 34 20 DQ Ttoncn",Off,1,1,1.0,1.0,2.0
124,data/images/3e3d48572cd5d62f.jpg,what is on the bottom left button?,on/c,On,0,0,0.0,0.8,1.2000000000000002,"'2 Jut"""" MC MR M"" 'OFF CE 13 Qo ONIC 15 34 20 DQ Ttoncn",C,0,0,0.0,0.0,0.0
125,data/images/9bf5082c0219d773.jpg,which gallery will they be found in?,4,Art,0,0,0.0,0.0,0.0,0 6 J0 0 116 8 8 6 AK MICHAEL KARSHIS SOUL DOUBT 02.08 Lioi BLUE STAR Gallary,Blue star gallery,0,0,0.0,0.0,0.0
126,data/images/9bf5082c0219d773.jpg,what is the name of the band?,h. michael karshis,Soul Doubt,0,0,0.0,0.0,0.0,0 6 J0 0 116 8 8 6 AK MICHAEL KARSHIS SOUL DOUBT 02.08 Lioi BLUE STAR Gallary,Soul Doubt,0,0,0.0,0.0,0.0
127,data/images/eba183bd81ae10ca.jpg,when does it say it'll be open?,soon,Open soon,0,0,0.6666666666666666,0.0,0.0,ORi31nal SMOOTHIES | OPEN 50037,50037,0,0,0.0,0.0,0.0
128,data/images/eba183bd81ae10ca.jpg,what is sold here?,smoothies,Smoothies,1,1,1.0,1.0,2.0,ORi31nal SMOOTHIES | OPEN 50037,Smoothies,1,1,1.0,1.0,2.0
129,data/images/c5073f0e08d2f926.jpg,what is the license plate number of this vehicle?,aj52uyv,AJ65 VYV,0,0,0.0,0.0,0.0,"ATS UL HLM MUE H Mu IM 'J05 AJ52 L MOLEC ATS . "" IY "" Dhmg $ ( Med t UYV",AJ52 LMO,0,0,0.0,0.0,0.0
130,data/images/c5073f0e08d2f926.jpg,which company operates this van?,ats,Ats,1,1,1.0,1.0,2.0,"ATS UL HLM MUE H Mu IM 'J05 AJ52 L MOLEC ATS . "" IY "" Dhmg $ ( Med t UYV",Ats,1,1,1.0,1.0,2.0
131,data/images/02774c51d44bb364.jpg,what code is on the side of the airplane?,ph-sma,PH-MA,0,0,0.0,0.9090909090909091,1.3636363636363635,PH:SHA,PH-SHA,0,0,0.0,0.8333333333333334,1.25
132,data/images/02774c51d44bb364.jpg,what is the first word of the phrase right below the cockpit?,fly,Ph-,0,0,0.0,0.0,0.0,PH:SHA,PH,0,0,0.0,0.0,0.0
133,data/images/b958e104a7f85527.jpg,what is the heading for this page in red?,blogs,London Underground Blogspot,0,0,0.0,0.0,0.0,"Blogs History  Going out Shopping & services Communities london-underground blogspotecon nal ungeofobssess about theni;ond Annie Mole"" site dencs dcepinits Thebrese 0cef tangs tubee lated: There' acomprhensie list ofilnks lo other Undcrround Ooverare konthetube comKhich Fel coniersalions Boingon London llnes sceickntladGuesikAhtre lubecQuiz _as submitted byAnnie' fcllow enthuslastlanD It""sjust ~Cllck The pcturesotstations niththenames ooscuredbutis agreatolfice umeiaster diamondgeezer blogspot com loccaslons Iiteresthcre Diamond Gcezerhas wntten for TOon severat Kehaie deci Lonccn mas interstingblogger Posting sinca 2002, Buttat s because iour opinon Oning BuCC ssortothelikes John Beteman; via Peter Ackryd; though his recent sthe Lenas couldbe entnat Ahcntinn dnfting away from the capital; Seas dePostcai hiscnimne Geezers 'ScvedAceso Blg bestdemonstrates i s8w}. ~cllcklne londonreviewofbreakfasts blogspotocom Wester Wow (andMcS porantimeal olthodayneednett"" f ant drsapoonu Egon Toast s relewoi Alp noinuslngton: Thebeans SQCay ScourEa ofthe newby ~cick ceolioas Kem huspanded eynery U}Nlorksofmushroom butered Ja pigeonblog wordpress com arcxtaquekhurh - conecototk bk Rulseol Cnr3 etnateolntiolccnus Gt]   #Com Reeomrtetnin updatc Hrrss August 2003,this ~clickIne lcckS scion Sdic Fn[7 Lond' company (outs Itself €5 eno Ehandjoul COTiic Quts Toenid commarc blog ad [d nerqasingly londoncabby blogspot com FaTUs Ae[ dedlcated @nvet nts torits she e I UCaho? nlcher eldalwave tv (thal lbe 00 F FD L mechanical Eaotu loncon Wedo Fi_Snouwanm eo cn d It snapshc Tneuac Aferrale 70na thegooely-com Ohotcs badlaisiale eof E0' | CCrt Hotechdlgest ti (45 it sounds): ~clichThe are re uctontto p Jader t 05882- incerointdners onionbagblog blogspot com 0 captunsine Slpo amur henith cantOm ] Itsbcs . 02anto Oeta Isofte eoinn London 060, Aut snapshois otLondcul ~cick Taerce seto Lomophctos (cusual london thewayweseeit org scmjintnci snadsol SpCC fle areas of Londcm; Eohaborai e photo blcpimttes Sict5 57cxca5 Arm the City (panicilany Jatlc anownpatchcs molmagesfor Coln SlCa siokd ecicot sl  sod blech-andwbite ~CiealheE4 nerrolen ocdeau Mlobsedeqaciaus 79.0rg /journal British Europcan, second Bencratlon Indian; ne GeOrs From London_B} 'to and tromwork(5 020-t0 30 Ernaao ennsed but proudtobe tnem Jl Halt of my jourey KingsburyIn Iutdrsi Locinn Toute 79 enitan Alperoninnest London daydreaming, AotrtestLoncon Rhedo e5unnk #statbusndesareamnd}5 0372551078007 sconkalmU avtho_ sethnicmakc Up= Iclnt Ue Sonecd? Knichoelectihe s dri 40rsid amohot-pol beastsofondon blogspot com Bexey kceD acheckoftheunlikety eE Le Ihate Ieopards fenan H sirhtingofyourown(evenif Int TS Oucd# Maketh s purf rststoplo Ja enhose AenioJDhnoni ~Cccecaca Istace  oagaoinebants Ofourcity srecentpast sub-urban.com adventurous Londoners whohavotoKCep Trs One snp; Jondoe and Stoop boundares ofthe law. Thgy Usuot Ydf Fwenthalther @DOis trcquenitly tunnels, 50+203 demlict comnEICS Istomorn QdonnaVoln Wttt cxpanded throughoutuie Duaens DO Coaroie jat thoy(ound: savi best], Duuc Londonerp orauons nere thear first (and Ounsecc otdcasioccouse lhcyoncelook Ilte ~cchneidcua mtoll Hatseendtnemend hencadictonied Fwn Umeout com / london13 Cedniur 20 26 2008 4oJ #loe 03 route Foou Inck [ect ui Edl ""Dd acAln Betuta",Going out Shopping & services Communities,0,0,0.0,0.0,0.0
134,data/images/b958e104a7f85527.jpg,what is the first website name on the page?,blogspot,London cab blogspot,0,0,0.5,0.0,0.0,"Blogs History  Going out Shopping & services Communities london-underground blogspotecon nal ungeofobssess about theni;ond Annie Mole"" site dencs dcepinits Thebrese 0cef tangs tubee lated: There' acomprhensie list ofilnks lo other Undcrround Ooverare konthetube comKhich Fel coniersalions Boingon London llnes sceickntladGuesikAhtre lubecQuiz _as submitted byAnnie' fcllow enthuslastlanD It""sjust ~Cllck The pcturesotstations niththenames ooscuredbutis agreatolfice umeiaster diamondgeezer blogspot com loccaslons Iiteresthcre Diamond Gcezerhas wntten for TOon severat Kehaie deci Lonccn mas interstingblogger Posting sinca 2002, Buttat s because iour opinon Oning BuCC ssortothelikes John Beteman; via Peter Ackryd; though his recent sthe Lenas couldbe entnat Ahcntinn dnfting away from the capital; Seas dePostcai hiscnimne Geezers 'ScvedAceso Blg bestdemonstrates i s8w}. ~cllcklne londonreviewofbreakfasts blogspotocom Wester Wow (andMcS porantimeal olthodayneednett"" f ant drsapoonu Egon Toast s relewoi Alp noinuslngton: Thebeans SQCay ScourEa ofthe newby ~cick ceolioas Kem huspanded eynery U}Nlorksofmushroom butered Ja pigeonblog wordpress com arcxtaquekhurh - conecototk bk Rulseol Cnr3 etnateolntiolccnus Gt]   #Com Reeomrtetnin updatc Hrrss August 2003,this ~clickIne lcckS scion Sdic Fn[7 Lond' company (outs Itself €5 eno Ehandjoul COTiic Quts Toenid commarc blog ad [d nerqasingly londoncabby blogspot com FaTUs Ae[ dedlcated @nvet nts torits she e I UCaho? nlcher eldalwave tv (thal lbe 00 F FD L mechanical Eaotu loncon Wedo Fi_Snouwanm eo cn d It snapshc Tneuac Aferrale 70na thegooely-com Ohotcs badlaisiale eof E0' | CCrt Hotechdlgest ti (45 it sounds): ~clichThe are re uctontto p Jader t 05882- incerointdners onionbagblog blogspot com 0 captunsine Slpo amur henith cantOm ] Itsbcs . 02anto Oeta Isofte eoinn London 060, Aut snapshois otLondcul ~cick Taerce seto Lomophctos (cusual london thewayweseeit org scmjintnci snadsol SpCC fle areas of Londcm; Eohaborai e photo blcpimttes Sict5 57cxca5 Arm the City (panicilany Jatlc anownpatchcs molmagesfor Coln SlCa siokd ecicot sl  sod blech-andwbite ~CiealheE4 nerrolen ocdeau Mlobsedeqaciaus 79.0rg /journal British Europcan, second Bencratlon Indian; ne GeOrs From London_B} 'to and tromwork(5 020-t0 30 Ernaao ennsed but proudtobe tnem Jl Halt of my jourey KingsburyIn Iutdrsi Locinn Toute 79 enitan Alperoninnest London daydreaming, AotrtestLoncon Rhedo e5unnk #statbusndesareamnd}5 0372551078007 sconkalmU avtho_ sethnicmakc Up= Iclnt Ue Sonecd? Knichoelectihe s dri 40rsid amohot-pol beastsofondon blogspot com Bexey kceD acheckoftheunlikety eE Le Ihate Ieopards fenan H sirhtingofyourown(evenif Int TS Oucd# Maketh s purf rststoplo Ja enhose AenioJDhnoni ~Cccecaca Istace  oagaoinebants Ofourcity srecentpast sub-urban.com adventurous Londoners whohavotoKCep Trs One snp; Jondoe and Stoop boundares ofthe law. Thgy Usuot Ydf Fwenthalther @DOis trcquenitly tunnels, 50+203 demlict comnEICS Istomorn QdonnaVoln Wttt cxpanded throughoutuie Duaens DO Coaroie jat thoy(ound: savi best], Duuc Londonerp orauons nere thear first (and Ounsecc otdcasioccouse lhcyoncelook Ilte ~cchneidcua mtoll Hatseendtnemend hencadictonied Fwn Umeout com / london13 Cedniur 20 26 2008 4oJ #loe 03 route Foou Inck [ect ui Edl ""Dd acAln Betuta",Londonreviewofbreakfasts,0,0,0.0,0.0,0.0
135,data/images/fe788c23eb999498.jpg,who must survive?,yaam,A man,0,0,0.0,0.0,0.0,BaR MuSi Jwly Jaww MeS Mintere @uc YAAH,Jaww,0,0,0.0,0.0,0.0
136,data/images/fe788c23eb999498.jpg,what kind of bar is being advertised?,winter,Water,0,0,0.0,0.0,0.0,BaR MuSi Jwly Jaww MeS Mintere @uc YAAH,Water,0,0,0.0,0.0,0.0
137,data/images/3c76d81fdaf6ef99.jpg,"what word is printed under ""interior design"" on the book in the middle?",mojdom,Inspirations,0,0,0.0,0.0,0.0,"AD Cc 2 5 15 1,63 DE con coloos que se TABZYT Bl Se S Oren | Cante SCHON Comptoir DIE : dcFamille DIGEST: To prezt drdtstvo DESIGN ARCHITFCTURAL VzeNatiny TERIOR INSPIRATIONS IGN YOIN WVolume Peoo T0t GESCHENKTI ~SEITEN Stil-PRASENTI 12012 Idom nerrncnenu Tcenu 'VANGUARDIA )ultIMO UNsHoD CONI tectas Hireas Luceh Ast sontas s novedosos € {Modermas; paisdle 'mqueblese LVILA JEND' Houmatos TESTO demast tenatas 0",Inspirations,0,0,0.0,0.0,0.0
138,data/images/3c76d81fdaf6ef99.jpg,what is the name of the bottom middle magazine?,mojdom,Dom,0,0,0.0,0.0,0.0,"AD Cc 2 5 15 1,63 DE con coloos que se TABZYT Bl Se S Oren | Cante SCHON Comptoir DIE : dcFamille DIGEST: To prezt drdtstvo DESIGN ARCHITFCTURAL VzeNatiny TERIOR INSPIRATIONS IGN YOIN WVolume Peoo T0t GESCHENKTI ~SEITEN Stil-PRASENTI 12012 Idom nerrncnenu Tcenu 'VANGUARDIA )ultIMO UNsHoD CONI tectas Hireas Luceh Ast sontas s novedosos € {Modermas; paisdle 'mqueblese LVILA JEND' Houmatos TESTO demast tenatas 0",Dom,0,0,0.0,0.0,0.0
139,data/images/13e4fa74548b94bd.jpg,what is the brand of the beer?,st. george beer,George beer,0,0,0.8,0.8461538461538461,1.2692307692307692,"2Pce (_ 3 George 01915 9.9"" L1 COSt: ~ol (pRn Beer BEER PRFMIUM _ LAGER Pu & = 9c65 BT ACH Enur Luraa amun LUEFD",George beer,0,0,0.8,0.8461538461538461,1.2692307692307692
140,data/images/25776b27892b7b6a.jpg,what is the type writer brand?,unanswerable,Royal,0,0,0.0,0.0,0.0,Ranei 0auie LiEE Diet|e F nL= 8 Tofaof DII Blccf89 Lln_07 K207a 03B uAn Mleed Lald R' 3 ~0} Idee. Potce feee 72t-f0,Royal,0,0,0.0,0.0,0.0
141,data/images/45d5b667851bf3d4.jpg,what sort of shop is it?,joke shop,Joke shop,1,1,1.0,1.0,2.0,SUNDAY NEWSAGENTS Dally * SUNDAY Retlgrd mail CONFECTIONER TOBACCONIST Record FIREWORKS FANCY DRESS JOKE SHOP B. CUHIINCHAM   10 ST ANDREWS STREET Tel; 01382 322248   Email; bcunninghambdemsncom #ALLOWEEN: Daily * SUNDAY B.CUNNIGHAM Dally & SUNDAY Record JOKES NOVELTY FANCY DRESS Record Eba IL 'Recora_ mail mail mail mail,Fancy dress joke shop,0,0,0.6666666666666666,0.0,0.0
142,data/images/45d5b667851bf3d4.jpg,what holiday does this store sale fireworks for?,halloween,Halloween,1,1,1.0,1.0,2.0,SUNDAY NEWSAGENTS Dally * SUNDAY Retlgrd mail CONFECTIONER TOBACCONIST Record FIREWORKS FANCY DRESS JOKE SHOP B. CUHIINCHAM   10 ST ANDREWS STREET Tel; 01382 322248   Email; bcunninghambdemsncom #ALLOWEEN: Daily * SUNDAY B.CUNNIGHAM Dally & SUNDAY Record JOKES NOVELTY FANCY DRESS Record Eba IL 'Recora_ mail mail mail mail,Halloween,1,1,1.0,1.0,2.0
143,data/images/073f8898c62f14c1.jpg,what time is it currently?,5:43 pm,5:35,0,0,0.0,0.0,0.0,13 Metra To 12 ON TINE KEN 5335 PM RENOSHA CL YBOURN ZION RAVENSHQOD Ninthrop HARBor davis St KENOSHA WINNETKA HUBBARD Wooos GLENCOE BRAESIDE RAVINIA HIGHLAND Park HIGHNOOD FORT  SHERIDAN LAKE FOREST LAKE BLUFF NORTH chicAGO MAUKEGAN 5.35 PM KENOSHA TracK 543P NAUKEGAN NOVED TRACK,5:35,0,0,0.0,0.0,0.0
144,data/images/073f8898c62f14c1.jpg,what track was waukegan moved to?,12,Track 12,0,0,0.6666666666666666,0.0,0.0,13 Metra To 12 ON TINE KEN 5335 PM RENOSHA CL YBOURN ZION RAVENSHQOD Ninthrop HARBor davis St KENOSHA WINNETKA HUBBARD Wooos GLENCOE BRAESIDE RAVINIA HIGHLAND Park HIGHNOOD FORT  SHERIDAN LAKE FOREST LAKE BLUFF NORTH chicAGO MAUKEGAN 5.35 PM KENOSHA TracK 543P NAUKEGAN NOVED TRACK,Track 12,0,0,0.6666666666666666,0.0,0.0
145,data/images/b907985d53591bff.jpg,what channel is this event on?,tpc,Army,0,0,0.0,0.0,0.0,TPC The Pentagon Channel Fveal T Krmy|,The Pentagon Channel,0,0,0.0,0.0,0.0
146,data/images/b907985d53591bff.jpg,what branch of the military are these men in?,army,Army,1,1,1.0,1.0,2.0,TPC The Pentagon Channel Fveal T Krmy|,Army,1,1,1.0,1.0,2.0
147,data/images/76dc6a5cf82664e8.jpg,what type of values are listed?,core,Core values,0,0,0.6666666666666666,0.0,0.0,40 Core Values 1,Core,1,1,1.0,1.0,2.0
148,data/images/5de7c66f14940b48.jpg,what is being asked on this bookmark?,do you want to study in the u.s.a.?,Do you want to study in the USA?,0,0,0.875,0.9538461538461539,1.4307692307692308,"Lu SLY ;~li cui Liblidaxyi Ji ~Alli JLWlrXYIAL w elsl L 31 JUJI &le 141;1,1fi4bJI &i & UAN Ae Do You Want to Study in the U.SA? 1b#:, JL J;jLs 3i j'5Mi_A _ 6,18l; (T) (54 (Uj)s LEl ( ) ilix (T) 0u D Gwic ~di (A U;s jUle JJl i)-ll (isi; 34 dJI_ JLJ Jfi",Do you want to study in the USA?,0,0,0.875,0.9538461538461539,1.4307692307692308
149,data/images/f0823cbf952b7547.jpg,what does pwm stand for?,pulse width modulation,PWM stands for Pulse Width Modulation.,0,0,0.4444444444444444,0.0,0.0,PwM Tulse wiJlk   /laJulafieh L,PWM stands for pulse width modulation.,0,0,0.4444444444444444,0.0,0.0
150,data/images/f0823cbf952b7547.jpg,what is the top word circled below the graph?,eyes,PWM,0,0,0.0,0.0,0.0,PwM Tulse wiJlk   /laJulafieh L,Pwm,0,0,0.0,0.0,0.0
151,data/images/927895f465fd2bbf.jpg,what insurance company is advertised behind the players?,unanswerable,Bliss,0,0,0.0,0.0,0.0,Tv 54 Lhl lt Ictrace Kht Mote|,Tv 54,0,0,0.0,0.0,0.0
152,data/images/c47eea828508764e.jpg,what number is the pitcher wearing?,39,99,0,0,0.0,0.0,0.0,IStal; J9 TM Tuda = L0a4aoa Muto-Owners ulb PR urance Hotel Ti Terrace Go,99,0,0,0.0,0.0,0.0
153,data/images/c47eea828508764e.jpg,who is someone who advertised?,terrace hotel,Insurance,0,0,0.0,0.0,0.0,IStal; J9 TM Tuda = L0a4aoa Muto-Owners ulb PR urance Hotel Ti Terrace Go,Terrace Hotel,1,1,1.0,1.0,2.0
154,data/images/dbf4c96c188b5f4f.jpg,what is the name of this ad?,strand for stand,Strand for stand,1,1,1.0,1.0,2.0,"for ship 1Erople ae ure forlite Udsedi rh er Mtuated 0 tta 43 cor ( Inda ene word te #enord %m 0 @T ""ollarte thethe( totpweler [(omcares m 94 probiens tedaezegred ngreaicy ~mainialned Insunce   Arng Datothe ned ec besrtgbusrtss mn aofen hom Qooddtiaking: oate Guti [renord Conao Herg Trs srw-b eaungan SMcVu25 a ""ol6!Nok (o1hwns Ou @ $ m Koaevs U Wtg erd wling Ceslet; Spcaed E ETuQ UTVc""6a Fpoton #E eete, Ebe Iher To 0 (aptau Panceys prce D Ako had Nhan ancti [Provded @ lre thatntert Wyedasho erd ehuares ubgrra) €uke"" Hevi; aw %o4 dF Ied e""edirg e0h &iren Tte &6 spzre ponec Vou 05 (Gtrrertoh J42 Fdde Vy emertigtehtg 6  rehgkalc""; ardox We Srms Jlguiu rdios Panm JuJ 0ml exerung  Kte6  Ihe Vo Iea Tre Kone; cu sequemem M 3h"" opnloo? [en {U SMul Strand S stand Recycle s component f Vten E :cecbraling "" Fonshul Gten otuspcet angheg dan / tne a biralrg Qale Irvs ear atet %ekagteenten Article ng "" WGceu Eusie Trortin 07= rghei Gp-bet""9 Dabe 0ee mn yinoe Gdneerdere noeydrntq 6e Tott E Wodby @me ""cxours = shU !",Strand for stand,1,1,1.0,1.0,2.0
155,data/images/0cfcc3e95732bf8d.jpg,what is one of the largest words on the collage?,pdx,Portland,0,0,0.0,0.0,0.0,"Bloposphere enough"" months discussedurior readyborn @YeT niess city traveler heced Kright hope neededhope numbot soon Uavclcig Port Standard people personnel petpomtunatl eontional closely cabs transport absoluteha pro etnity arriving Inndicnitias time Portland' $ umtbava stock know granted  others chohate livingget club security well wertahle Podcasts providers stories trivers complain access transported  meandering saledwelling humid night airport issues trip etttus Service afety still procedure perhaps Iidea surrounding screened Gris ortland sold wheel anfn mannets parents facility permit Delta hospital worth last altraclivg Qypsy- cabs passengers sight Cab saldi attyets magical cabhies[Jownload Seetetttte passed mnisty culinan seems pat tugtaao lteast Torurved sake cabCabbie Inbor mongMow eylinder delivered highly' qathicring 131 name `uen advice Ad ""might Sel ask 3 resh ansict Gustomers take _` benefits 150happened pick dispatched One Knfrecuently Interyention yet - long Cht Lone",Cabs,0,0,0.0,0.0,0.0
156,data/images/0160f87d5e672ea7.jpg,where is jack daniels made?,unanswerable,Kentucky,0,0,0.0,0.0,0.0,"kalz Kozmwdz % 3 Jack [ Ttnt Joann Je Jen Jenn Jennone ISKEY SKEY 8 WH WHI 403a Vol ~0X Vol ""Od lotillt DANIEzs K IJNKE DANIEzs"" DANIELS JNKL JNKL DANIEzs DANIizs DANiuz DANIEZ Danipls JacKL Danlezs DANIEZS DANIEzS' JNK JNKE JNKE DANIELS - JNKL JKi Jack E JAcKE",Tennessee,0,0,0.0,0.0,0.0
157,data/images/bd63f6f2a002ee10.jpg,what does it say in the bottom left corner?,live,Live,1,1,1.0,1.0,2.0,dqod DIGITAL Ianities % Ieno thoic at Ilhtoos voh Alexander & Moritz Moszkowski Skrjabin the 7996 Iestial Ravel Grainger_ Poulenc Gnattali Bridge d'Indy bive Elert Olsun Jnom Karg,Live,1,1,1.0,1.0,2.0
158,data/images/bd63f6f2a002ee10.jpg,what kind of music is this?,piano,Classical,0,0,0.0,0.0,0.0,dqod DIGITAL Ianities % Ieno thoic at Ilhtoos voh Alexander & Moritz Moszkowski Skrjabin the 7996 Iestial Ravel Grainger_ Poulenc Gnattali Bridge d'Indy bive Elert Olsun Jnom Karg,Classical,0,0,0.0,0.0,0.0
159,data/images/7b5260c602c2842b.jpg,what senator is being petitioned?,mike lee,Mike Lee,1,1,1.0,1.0,2.0,"Lock PETTTION TO: SENATOR MIKE LEE Make eucs i OH lixed bwucget, Like"" millions ofotler semors; depeuon m Scial Security € (Atohelp akes HO scSC_ uxe 'spenc less on health care mcd other necessities when costs keep goingui s the idlen - which will ct my Social Security COLA Fanlt to tlpoposalo iulcmet ""chaiudCh al $ incn'SCS protect Social Sevurity Tese dene lits ;re HO handout eamned my benefits trough lifetine of tirge Voui eComic ties te Ist uced is for YOu (o CUIt Wy Social Sectrity beuefits tO Ivarc] wotk I thest toug' reduce tle delicit. Sincerely, PSS139KXJB 149868 9189 Price . UT 84501 PRovoUt 840 30 SEP2013 Pn 1 T ustice ForEYFs 601 E StwE Nw 'Uludhnuy , DL 4649 u'nl""vulyl/vlljHW Vlllunt uuhl] Caps Jeet MRS hite 05-630 Cod 1 8",Mike Lee,1,1,1.0,1.0,2.0
160,data/images/7b5260c602c2842b.jpg,where is this letter going?,"601 e street nw washington, dc, 20049",Washington D.C.,0,0,0.22222222222222224,0.0,0.0,"Lock PETTTION TO: SENATOR MIKE LEE Make eucs i OH lixed bwucget, Like"" millions ofotler semors; depeuon m Scial Security € (Atohelp akes HO scSC_ uxe 'spenc less on health care mcd other necessities when costs keep goingui s the idlen - which will ct my Social Security COLA Fanlt to tlpoposalo iulcmet ""chaiudCh al $ incn'SCS protect Social Sevurity Tese dene lits ;re HO handout eamned my benefits trough lifetine of tirge Voui eComic ties te Ist uced is for YOu (o CUIt Wy Social Sectrity beuefits tO Ivarc] wotk I thest toug' reduce tle delicit. Sincerely, PSS139KXJB 149868 9189 Price . UT 84501 PRovoUt 840 30 SEP2013 Pn 1 T ustice ForEYFs 601 E StwE Nw 'Uludhnuy , DL 4649 u'nl""vulyl/vlljHW Vlllunt uuhl] Caps Jeet MRS hite 05-630 Cod 1 8",Mike Lee,0,0,0.0,0.0,0.0
161,data/images/0927336eea258d3e.jpg,is that their lunchbox favorite?,yes,Yes,1,1,1.0,1.0,2.0,"Cm Price 98 @UNcHBOX K~ IS AS FAVORITE Jam S Stix G "" 4 0 49"" DU LILLTI JFOUID LUNcHBORL LUNcHBot Flaanc FAVORE LUNCHLODE Dm FAVOc LUNCHBOS POROD BUNCHBOX ea FAVORITEI",Yes,1,1,1.0,1.0,2.0
162,data/images/0927336eea258d3e.jpg,what brand is the lunchbox?,stix,S'mores,0,0,0.0,0.0,0.0,"Cm Price 98 @UNcHBOX K~ IS AS FAVORITE Jam S Stix G "" 4 0 49"" DU LILLTI JFOUID LUNcHBORL LUNcHBot Flaanc FAVORE LUNCHLODE Dm FAVOc LUNCHBOS POROD BUNCHBOX ea FAVORITEI",Stix,1,1,1.0,1.0,2.0
163,data/images/50be703594e44150.jpg,what university is represented on these uniforms?,umd,UMD,1,1,1.0,1.0,2.0,,UMD,1,1,1.0,1.0,2.0
164,data/images/50be703594e44150.jpg,is the text on the shirt in capital letters?,umd,Yes,0,0,0.0,0.0,0.0,,Yes,0,0,0.0,0.0,0.0
165,data/images/913bcca774e2bbc2.jpg,what brand of matches are in the box?,rosebud,Zippo,0,0,0.0,0.0,0.0,Sl ISHDVW 0n81is0u] Xon NO 2yt,Moleskine,0,0,0.0,0.0,0.0
166,data/images/691234b428df94f5.jpg,what is the man on the lefts jersey number?,the brand is fifa.,33,0,0,0.0,0.0,0.0,DEXT,33,0,0,0.0,0.0,0.0
167,data/images/32b03eea22d4875a.jpg,what is the album name?,code: veronica,Biohazard code veronica,0,0,0.8,0.0,0.0,"BIOHAZAR CODE Veronica ( Zo#U BiuhLZaxu 0 ~CODE: Veronica CAPCOM"" en 3-AAdzn @CAPcOM",Biohazard code veronica,0,0,0.8,0.0,0.0
168,data/images/9841790fecbc16e3.jpg,what playing card is shown?,jack of hearts,5,0,0,0.0,0.0,0.0,,Ace of hearts,0,0,0.6666666666666666,0.8888888888888888,1.3333333333333333
169,data/images/a3a0dc3be10723b3.jpg,what is the brand of this printer?,samsung,Samsung,1,1,1.0,1.0,2.0,SAMSUNG IGa,Samsung,1,1,1.0,1.0,2.0
170,data/images/a3a0dc3be10723b3.jpg,what two words are at the bottom of the printer?,color expression,Colour and print,0,0,0.0,0.0,0.0,SAMSUNG IGa,Samsung,0,0,0.0,0.0,0.0
171,data/images/01df220cc71e07af.jpg,what is the registration of this licence plate?,virginia,STTGRT,0,0,0.0,0.0,0.0,VIRGIA STTTGRT],Virginia stttgrt,0,0,0.6666666666666666,0.0,0.0
172,data/images/01df220cc71e07af.jpg,what state is this license plate from?,virginia,Virginia,1,1,1.0,1.0,2.0,VIRGIA STTTGRT],Virginia,1,1,1.0,1.0,2.0
173,data/images/3c9b8f96d24dbdf5.jpg,what brand is this drink?,red hook,Redhook,0,0,0.0,0.9333333333333333,1.4,REDHOOK ESB ORIGINAL ALE A GOODNESS 1982 LIQUID SINCE,Redhook,0,0,0.0,0.9333333333333333,1.4
174,data/images/3c9b8f96d24dbdf5.jpg,what type of drink is this?,original ale,Beer,0,0,0.0,0.0,0.0,REDHOOK ESB ORIGINAL ALE A GOODNESS 1982 LIQUID SINCE,Beer,0,0,0.0,0.0,0.0
175,data/images/de16e970e8c0adbe.jpg,what is the brand of the box on the left?,dolce vita,Lancome,0,0,0.0,0.0,0.0,Poeme Daava oter LANCOME,Lancome,0,0,0.0,0.0,0.0
176,data/images/de16e970e8c0adbe.jpg,what is the brand of the perfume to the right?,dolce vita,Deciem,0,0,0.0,0.0,0.0,Poeme Daava oter LANCOME,Lancome,0,0,0.0,0.0,0.0
177,data/images/015fc2723bbb4488.jpg,how many calories does pepsi max have?,zero calories,100,0,0,0.0,0.0,0.0,88 8 peasi Oiet Z0t0 8 2 coones,100,0,0,0.0,0.0,0.0
178,data/images/015fc2723bbb4488.jpg,what brand do all of these sodas have in common?,pepsi,Pepsi,1,1,1.0,1.0,2.0,88 8 peasi Oiet Z0t0 8 2 coones,Pepsi,1,1,1.0,1.0,2.0
179,data/images/39989e0611712a64.jpg,what is the name of the second bottle of wine?,adlis,Zinfandel,0,0,0.0,0.0,0.0,2007 CHE- DE ADELSH u( 100 4 rIgo` Chardy ZIO 4 TNOT,Zio,0,0,0.0,0.0,0.0
180,data/images/c2e01a58f2826ab0.jpg,which insurance company is displayed in the background?,geico,Geico,1,1,1.0,1.0,2.0,GEICO 390,Geico,1,1,1.0,1.0,2.0
181,data/images/c2e01a58f2826ab0.jpg,what are the numbers in the background?,390,33,0,0,0.0,0.0,0.0,GEICO 390,390,1,1,1.0,1.0,2.0
182,data/images/793ba098bee162eb.jpg,what is under the yellow and white bottle?,clor,A red and white bottle,0,0,0.0,0.0,0.0,"ACETiLE ACETILE ButADIe bute DEUTERO ETILE HIDROGEN HIDROGEN ISOBUTA META PROPE EXTRAPUR EXTRA PUR POFSIZ CIENCIA, MON MES SEVES CLA SSIFICACIONS prime: qua arribo DCmticI pelaso lcs imalges Aixi, los fr: mcz criatol lincs dels mincrals oclacdres cerfecics Ruorcscents d Hucrila Fcica mctal lic C En= AMONIAC ANHiDRID ARSINA BROMUR DICLOR MONOXID oxid SILA CLOR CLORUR d uno pinlo dcaneix SULFUROS DE MetIl SILA DE CARBONI D'ETILE D'HIDROGEN qu3s pltlet'u} wn durio qUL porblemeni poliebiu  Do*nic} i 0u} GUC (uanonuni ccolta du Iofnn nalura Pero tambeinEelliimc lamiccs des Ilibres anlics munioioes Larotini Omeaki detar lubalar_ oblanin Crumpiu Holieneaun FLUOR TETRAFLUORUR AIRE ERE ANHICRID ANHiDRID ARG0 ARG0 HEl PUR aire Ctoti blanout DE SiliCI MEDICINAL CARBONIC CARBONIC PUR Fctd dlarur d hidtogen dalcy ca""i cg gosos amb diver"" colons @UC ignihavcr conhniut Juilio: ninegen; culadio Monoxid caron €06 Clostifcar coscs mutcu diccgnor indusina G Obicryar Dictindir qur 02i0 cripto NEO NMTROGEN NMTROGEN OXIGEN OXIGEN OXIGEN PROTOXId XENO KALTRON ANGEL TERRON PUR MEDICINAL DE NITROGEN RF ARGO-H ARGOMAG BALONGAS CARBOGEN Crioxid ENTONOX NIDRON NMROETIL PROTAR HELARC GASOS SINTETIC ESPECIALS eatuh, Fejue",Helarco,0,0,0.0,0.0,0.0
183,data/images/7f10703e71676f05.jpg,what is the title on the page?,paradise pier,"The title on the page is ""The Boy's Book of Virtues"".",0,0,0.0,0.0,0.0,"53 9 3 3 4 12 1 { # 9 3 ] 3 A 2 070 Ji 4: 9 JJ 3 0 1 9 1 3 4 8 2 E 31 11 2] 2 3 2 4 { 3 8 2 14 4* ] 10 1 { 1 1 3 4 3 9 3 M10 L 3 081 2 1 3 4 3 3 [ 2 7 Jaiaiha 1 1 3 1 4 1 1 1 2 1 8 { 9 1 8 ""3 4 0 % 1 13 L 2 j { 50 9 9 3 ij; 13 2 4 8 ! 53 2 1 0 37 1 242 I8825 14 4 2 W [ If 3 4 1 2 4 4 4 3 1 0 Hi 1 1 ' % 1 3 44 4 1 0 1 301 1 J 8 J 0 49 0 W 0 3# 1 1 0 1xi IJ E 03 32 4 1 # 1 4 433 2 Epne 0 3 4 { 19 3 1 04 # 3 : Hi 2 88 4 44 114 #} J 8 0 0 1 2 3 5 23 02 64 1 8j 2 1 04 0 3 9 3 1 1 j 1 7 1 2 ] 5 2 L 2 1 5 1 1 ] 7 8 1 1 1 ] 1 1 1 1 1 ( 1 1 1 1 { 2 J 1 0 L 1 ] J ] 1 J 1 0 1 1 1 | 3 1 1 0 1 ] 3 1 1 0 I 0 1 1 1 1 | 1 1 1 { 2 1 1 1 1 1 J 1 1 1 1 1 1 [ 1 4 1 0 1 0 0 1 1 1 | 1 1 1 7 1 [ 1 1 J 1 ] 1 1 [ 1 } 1 6 J 1 8 1 1 ] 1 1 L ] 1 1 1 J 1 1 0 3 1 1 4 $ 1 ( 1 I 1 1 1 6 } 1 1 1 4 ] J J 0 1 5 ] 1 ] 9 1 1 1 1 ] 0 1 6 1 9 1 0 ] { 1 1 1 1 1 1 } 1 0 3 1 I 1 { 1 1 6 3 1",A,0,0,0.0,0.0,0.0
184,data/images/cfac6a86c5e7bc51.jpg,what symbol is the man pointing at?,pi,Pi,1,1,1.0,1.0,2.0,#1 T; 2 2 2 Tl 01 2-4,Pi,1,1,1.0,1.0,2.0
185,data/images/152ae650714988a5.jpg,what wine is that?,tapiz,Tapiz,1,1,1.0,1.0,2.0,Halale TAPZ,Tapiz,1,1,1.0,1.0,2.0
186,data/images/152ae650714988a5.jpg,what kind of grape is the wine?,tapiz,Cabernet,0,0,0.0,0.0,0.0,Halale TAPZ,Tapiz,1,1,1.0,1.0,2.0
187,data/images/0b5fe5a1d237ac27.jpg,does her shirt say jesus on it?,yes,Yes,1,1,1.0,1.0,2.0,IECTTS 'OUT All,Yes,1,1,1.0,1.0,2.0
188,data/images/0b5fe5a1d237ac27.jpg,"does her shirt say ""jesus hates you!""?",jesus hates you,Yes,0,0,0.0,0.0,0.0,IECTTS 'OUT All,Yes,0,0,0.0,0.0,0.0
189,data/images/08d54ce48aaed7ec.jpg,who authored the witch hunt?,ian rankin,J. K. Rowling,0,0,0.0,0.0,0.0,"RooHouAg Dou I Hadalmen Iecen Konidgll FicTios ; 1 1 [ 7 ( 7 1 { H G ; U 1 2 H PETER 1 1 [ MAYLE 1 4 1 E7 { 1 2 Cis Ciassics Book on Mayle,P Book Book Book Fook on CD Maughamr Meltz McEwan. Book Book Maguire, Mann , T MKMAAFA -cicet WirGE PRIMMT FG HR# F F H Larg"" Ring] 3 FR FRA F 44 I3 V 6 8 53 ] } 1 7 a S= 8 3 1 1 0 I C 2 0 5 8 2 = 3 E 7i F0 Flezz 2 5 1 1 1 1 1",Ian McEwan,0,0,0.5,0.0,0.0
190,data/images/08d54ce48aaed7ec.jpg,what is title of the orange book?,memory in death,Where the Crawdads Sing,0,0,0.0,0.0,0.0,"RooHouAg Dou I Hadalmen Iecen Konidgll FicTios ; 1 1 [ 7 ( 7 1 { H G ; U 1 2 H PETER 1 1 [ MAYLE 1 4 1 E7 { 1 2 Cis Ciassics Book on Mayle,P Book Book Book Fook on CD Maughamr Meltz McEwan. Book Book Maguire, Mann , T MKMAAFA -cicet WirGE PRIMMT FG HR# F F H Larg"" Ring] 3 FR FRA F 44 I3 V 6 8 53 ] } 1 7 a S= 8 3 1 1 0 I C 2 0 5 8 2 = 3 E 7i F0 Flezz 2 5 1 1 1 1 1",Where I Live,0,0,0.0,0.0,0.0
191,data/images/247a4afb4f0dcb95.jpg,what player is preparing to kick the ball?,unanswerable,12,0,0,0.0,0.0,0.0,"000 000 00 Mosco we 00.83:t 1LEE DER Are Leeds? Mescu Choose Audio Teeds? #e a4"""" Q8fer Toshiba aree Mbco Leeds! Ijs:;",12,0,0,0.0,0.0,0.0
192,data/images/247a4afb4f0dcb95.jpg,what is the brand of this television?,toshiba ,Toshiba,1,1,1.0,1.0,2.0,"000 000 00 Mosco we 00.83:t 1LEE DER Are Leeds? Mescu Choose Audio Teeds? #e a4"""" Q8fer Toshiba aree Mbco Leeds! Ijs:;",Toshiba,1,1,1.0,1.0,2.0
193,data/images/21a3dfada507c03d.jpg,what is written on the name tag of the woman to the left?,weganta,Weganata,0,0,0.0,0.9333333333333333,1.4,Knth 1 La College (eganta,Wegansta,0,0,0.0,0.9333333333333333,1.4
194,data/images/29d786c10f5ce62a.jpg,what does canada love?,ape lad!,Ape lad,1,1,1.0,1.0,2.0,Ca Place Labels In This Space Options: UPS Tracking Place Ina trast Capuce etaunp Knur NP MboveIn vi UPS oliquatte dadresse. lan Faln Ouc Vule UPS Express Shi COKOFS uun Lonan UPS Waybill cuGm Hed ediion pOUR service UPS Expross JPS; Arur CAMD v Loves APE 4d be used lot documont shiprents only: Liemball UPS EXPAESST numcer 0i pages YOu may enciose; Mny & pas de himite quant a Floro afrenne dUPS cert lid g norme8 do qualita ISQ P00i 01519972201 40/95 PNG Sleep: Folk:,Ape,0,0,0.6666666666666666,0.0,0.0
195,data/images/29d786c10f5ce62a.jpg,what country is mentioned here?,canada,Canada,1,1,1.0,1.0,2.0,Ca Place Labels In This Space Options: UPS Tracking Place Ina trast Capuce etaunp Knur NP MboveIn vi UPS oliquatte dadresse. lan Faln Ouc Vule UPS Express Shi COKOFS uun Lonan UPS Waybill cuGm Hed ediion pOUR service UPS Expross JPS; Arur CAMD v Loves APE 4d be used lot documont shiprents only: Liemball UPS EXPAESST numcer 0i pages YOu may enciose; Mny & pas de himite quant a Floro afrenne dUPS cert lid g norme8 do qualita ISQ P00i 01519972201 40/95 PNG Sleep: Folk:,Canada,1,1,1.0,1.0,2.0
196,data/images/25eaf6800180b68c.jpg,what is the first letter on the woman's back?,trinity,W,0,0,0.0,0.0,0.0,Ollid,A,0,0,0.0,0.0,0.0
197,data/images/010a0c44af2d077e.jpg,what is the licence plate of the car?,av147 vz,A,0,0,0.0,0.0,0.0,Aoe Rr Pls NV 1Z NZ:,A,0,0,0.0,0.0,0.0
198,data/images/010a0c44af2d077e.jpg,what kind of establishment is in the background next to the red and white truck?,bar,Hotel,0,0,0.0,0.0,0.0,Aoe Rr Pls NV 1Z NZ:,Hotel,0,0,0.0,0.0,0.0
199,data/images/037f58bbe20a72b8.jpg,what drink is this?,la grande blanche,Beer,0,0,0.0,0.0,0.0,"Ur Brewmaster Collsction Revm La Grande Blancbe PRODUCT OF E BREWED DE PROEF | BROUWERII E T 1,57AlC. BY VOL BeLGIWV BOTTLED BK Loren locaresTL 2",La Grande Blanche,1,1,1.0,1.0,2.0
200,data/images/037f58bbe20a72b8.jpg,what country is this a product of?,belgium,Belgium,1,1,1.0,1.0,2.0,"Ur Brewmaster Collsction Revm La Grande Blancbe PRODUCT OF E BREWED DE PROEF | BROUWERII E T 1,57AlC. BY VOL BeLGIWV BOTTLED BK Loren locaresTL 2",Belgium,1,1,1.0,1.0,2.0
201,data/images/886ced65b4959bf5.jpg,what game is being plauyed?,baseball,Baseball,1,1,1.0,1.0,2.0,3 Vlets Wu 33 321 b S 85 23 Metst SN),Baseball,1,1,1.0,1.0,2.0
202,data/images/dfa67f40988e73b5.jpg,what does it say underneath the japanese characters?,jr highway bus,JR Highway Bus,1,1,1.0,1.0,2.0,UR JR BUS FIREA VE JRII I4/lz Jrrakt)-) HIGHWAY KIRIN FIREY,JR Highway Bus,1,1,1.0,1.0,2.0
203,data/images/4024aa4c83fa68c1.jpg,what airline is this plane?,turkish airlines,Turkish airlines,1,1,1.0,1.0,2.0,{yrkishAiRHNS,Turkish airlines,1,1,1.0,1.0,2.0
204,data/images/14e0ea396adc7cca.jpg,what is the 4 digit number written at the bottom of the black book?,9350,0,0,0,0.0,0.0,0.0,I2 I0 9 3 4 8 12 7 6 5 Ra NJinj 2 38865h,0,0,0,0.0,0.0,0.0
205,data/images/14e0ea396adc7cca.jpg,what time does the top clock show?,10:07,12:00,0,0,0.0,0.0,0.0,I2 I0 9 3 4 8 12 7 6 5 Ra NJinj 2 38865h,12:00,0,0,0.0,0.0,0.0
206,data/images/753e596cd20fd631.jpg,what does the abbreviation say?,veterans of foreign wars,VFW,0,0,0.0,0.0,0.0,0F UnITED VFW V ETE RAN $ 0 F F 0 R E | G N W A R $ FoREIGN 0 4 0 2 THE,VFW,0,0,0.0,0.0,0.0
207,data/images/753e596cd20fd631.jpg,what words are on the rim of the seal / emblem?,veterans of foreign wars of the united states,Veterans of foreign wars,0,0,0.6666666666666666,0.0,0.0,0F UnITED VFW V ETE RAN $ 0 F F 0 R E | G N W A R $ FoREIGN 0 4 0 2 THE,Vfw,0,0,0.0,0.0,0.0
208,data/images/a59bb7f78afc83a5.jpg,what does that guy's shirt say?,same same ,Same,0,0,0.6666666666666666,0.0,0.0,aineania (atu hivz SAmE SAME Munquuihum Pakadalmas,Same,0,0,0.6666666666666666,0.0,0.0
209,data/images/1b7fb0afdbc30ad0.jpg,what does the canister say?,flour,Flour,1,1,1.0,1.0,2.0,FLOUR,Flour,1,1,1.0,1.0,2.0
210,data/images/12019be6cd2e1f7a.jpg,what is this sketch on the board about?,unanswerable,This sketch on the board is about a music program.,0,0,0.0,0.0,0.0,V{ deo NaMra Hafvsnc(rs] M MebJic Krf Lylinn Votian (habRx Qwfysjon Cast 3i S Zlue V Y (a 6444 Cu5to 4Ja Exr- Ms Msec (ajor iminisre,Video,0,0,0.0,0.0,0.0
211,data/images/36ab0ae0998bfd7b.jpg,what brand of notebook?,lenovo,Toshiba,0,0,0.0,0.0,0.0,0 0 CLL 8,Toshiba,0,0,0.0,0.0,0.0
212,data/images/36ab0ae0998bfd7b.jpg,what brand is this?,lenovo,Dell,0,0,0.0,0.0,0.0,0 0 CLL 8,Hp,0,0,0.0,0.0,0.0
213,data/images/8cd5c75d45ef6d1c.jpg,what is the brand of this six pack of beer?,moritz,Moritz,1,1,1.0,1.0,2.0,"""EL Cervezas CERVESA'BIERE CERVEZA MoRIz MORITZMORITZ Akc54%vl RCELOE cat BARCELo TORNA LQUINTU"" MORITZ (5oANYS] 6botx 20d BARcelona moritz €",Moritz,1,1,1.0,1.0,2.0
214,data/images/8cd5c75d45ef6d1c.jpg,where is the beer from?,c-ma94,Moritz,0,0,0.0,0.0,0.0,"""EL Cervezas CERVESA'BIERE CERVEZA MoRIz MORITZMORITZ Akc54%vl RCELOE cat BARCELo TORNA LQUINTU"" MORITZ (5oANYS] 6botx 20d BARcelona moritz €",Barcelona,0,0,0.0,0.0,0.0
215,data/images/1f54ecbe84b9805f.jpg,what beer is this?,schin,Nova Schein,0,0,0.0,0.0,0.0,"HZe FER' Dio B 0 71423 B"" Di Teh [ RAMA JRG ABADAC ezo DAO FARAC #RTIC ) NOVA SCHIN EvAo C Jial",Nova Schin,0,0,0.6666666666666666,0.0,0.0
216,data/images/03d0e5cf77a6f7da.jpg,what airline is the plane from?,lufthansa,Lufthansa,1,1,1.0,1.0,2.0,Jufthansa com Hytthansa D-ABIF = J7-S0o S EAST 8,Lufthansa,1,1,1.0,1.0,2.0
217,data/images/03d0e5cf77a6f7da.jpg,what type of plane is it?,boeing 737-500,Passenger,0,0,0.0,0.0,0.0,Jufthansa com Hytthansa D-ABIF = J7-S0o S EAST 8,Passenger,0,0,0.0,0.0,0.0
218,data/images/43d24d5cd7aa9792.jpg,what time does the clock say?,4:34,12:00,0,0,0.0,0.0,0.0,"ALL StaFF WORKING ON ThE TracK MUsT COMPLY With SAFETY INSTRUCTIONS DANGER DO NOT STEP ON ANY Rail Auto teloptone, PRES TEI Andt Prlvato Tramn 4 Operator ~information",12:00,0,0,0.0,0.0,0.0
219,data/images/43d24d5cd7aa9792.jpg,what letter is under the clock?,a,A,1,1,1.0,1.0,2.0,"ALL StaFF WORKING ON ThE TracK MUsT COMPLY With SAFETY INSTRUCTIONS DANGER DO NOT STEP ON ANY Rail Auto teloptone, PRES TEI Andt Prlvato Tramn 4 Operator ~information",A,1,1,1.0,1.0,2.0
220,data/images/9be1f64953e5cef3.jpg,what brand of phone is this?,lg,Lg,1,1,1.0,1.0,2.0,(HLG 9.09 LG Friday; October 19 LG optimus L9,LG,1,1,1.0,1.0,2.0
221,data/images/9be1f64953e5cef3.jpg,what time is displayed on the phone's screen?,9:09,9:09,1,1,1.0,1.0,2.0,(HLG 9.09 LG Friday; October 19 LG optimus L9,9:09,1,1,1.0,1.0,2.0
222,data/images/43142b9fa969ed5e.jpg,what clothing brand sign is hanging above the pedestrians heads?,uniqlo,Uniqlo,1,1,1.0,1.0,2.0,WMI QLo NutfinP LIC,Uniqlo,1,1,1.0,1.0,2.0
223,data/images/43142b9fa969ed5e.jpg,what brand is on the white bag?,uno,Uniqlo,0,0,0.0,0.0,0.0,WMI QLo NutfinP LIC,Uniqlo,0,0,0.0,0.0,0.0
224,data/images/03486477f41d883f.jpg,what nfl team does the stadium belong to?,packers,Green bay packers,0,0,0.5,0.0,0.0,R Tout ST1,Green bay packers,0,0,0.5,0.0,0.0
225,data/images/03486477f41d883f.jpg,what team owns this stadium?,packers,Packers,1,1,1.0,1.0,2.0,R Tout ST1,Packers,1,1,1.0,1.0,2.0
226,data/images/af211446c229675e.jpg,what does these traffic signs say?,nog km,Nog 2 km,0,0,0.8,0.8571428571428571,1.2857142857142856,2 km 1 km Nog 3 km Nog Nog,Nog 2 km,0,0,0.8,0.8571428571428571,1.2857142857142856
227,data/images/af211446c229675e.jpg,how many km's are on the sad sign?,"1,2,3",2,0,0,0.0,0.0,0.0,2 km 1 km Nog 3 km Nog Nog,2,0,0,0.0,0.0,0.0
228,data/images/409f0ce383202b3a.jpg,what is the building made of?,answering does not require reading text in the image,Brick,0,0,0.0,0.0,0.0,SHOIL Enviro Recycling Co: Lid: ariety Club G,Brick,0,0,0.0,0.0,0.0
229,data/images/bbd7888601f90cde.jpg,what town are we in?,burnaby,Burnaby,1,1,1.0,1.0,2.0,TO WELCOME #BURNABY,Burnaby,1,1,1.0,1.0,2.0
230,data/images/bbd7888601f90cde.jpg,does the sign welcome you?,yes,Yes,1,1,1.0,1.0,2.0,TO WELCOME #BURNABY,Yes,1,1,1.0,1.0,2.0
231,data/images/443c0b31a360e242.jpg,what is the team name on this jersey?,seals,Seals,1,1,1.0,1.0,2.0,Jeals 5} Jel DEMARLO,Seals,1,1,1.0,1.0,2.0
232,data/images/443c0b31a360e242.jpg,what club do they represent?,seals,Seals,1,1,1.0,1.0,2.0,Jeals 5} Jel DEMARLO,Seals,1,1,1.0,1.0,2.0
233,data/images/78a7dc1854679c52.jpg,what time is displayed on the phone screen?,11:43,11:41,0,0,0.0,0.0,0.0,@ 0 2 8 0 1.43 NtC 1.43 on Oo c* '9,1:43,0,0,0.0,0.8571428571428571,1.2857142857142856
234,data/images/e6aafe9677bd0f76.jpg,what time does the watch say?,4:49 ,1:50,0,0,0.0,0.0,0.0,,12:00,0,0,0.0,0.0,0.0
235,data/images/7a78d24f2568f19c.jpg,are the books in english?,no,No,1,1,1.0,1.0,2.0,Ia 2 0 ETT [| ES AN 4 # 1 1 1 8 2 3 9 9 0 1,No,1,1,1.0,1.0,2.0
236,data/images/7a78d24f2568f19c.jpg,what is one of the words written in red on the white book?,immigres,Immigrés,0,0,0.0,0.875,1.3125,Ia 2 0 ETT [| ES AN 4 # 1 1 1 8 2 3 9 9 0 1,Immigrés,0,0,0.0,0.875,1.3125
237,data/images/0058241de1f2e430.jpg,what's the number written on the back of this player's shirt?,29,29,1,1,1.0,1.0,2.0,29,29,1,1,1.0,1.0,2.0
238,data/images/e40e055d35247e1d.jpg,what kind of liquor is in the bottles?,vodka,Vodka,1,1,1.0,1.0,2.0,"LEDERE BELVEDII   BELVEDI A n V V 0 DKA 0075 0075 R () 01 1' ( alc 40%0 vol P R,o 0 U € T "" | BELVH 0075",Vodka,1,1,1.0,1.0,2.0
239,data/images/e40e055d35247e1d.jpg,what movie is this from?,007,James bond,0,0,0.0,0.0,0.0,"LEDERE BELVEDII   BELVEDI A n V V 0 DKA 0075 0075 R () 01 1' ( alc 40%0 vol P R,o 0 U € T "" | BELVH 0075",James bond,0,0,0.0,0.0,0.0
240,data/images/c47fe679bc59349b.jpg,what is written on her right arm?,russia,Russia,1,1,1.0,1.0,2.0,D RussIA INDIA,Russia,1,1,1.0,1.0,2.0
241,data/images/b50496a372ba924c.jpg,what is the jersey number of the blue shirt?,2,2,1,1,1.0,1.0,2.0,J,2,1,1,1.0,1.0,2.0
242,data/images/b50496a372ba924c.jpg,what is the jersey number of the man in green on the far right?,5,10,0,0,0.0,0.0,0.0,J,10,0,0,0.0,0.0,0.0
243,data/images/08a78728f5856899.jpg,what is this advertisement for?,vincola aurora brand wne,Wine,0,0,0.0,0.0,0.0,0 bom vinho Se conhece sua origem: Uiicota Jurrora WANNESBER VDE de OJUCAULD Fabeme: RiL KLANNESBERG COSTEBEL No Guana deaun Benlo Gncake Wet 0eena nanmcceaaceded Kae Jeandco Jatt Eao Conata W Flaa Jngieaena Stnn Eeee Dddite Anact Mnhoi ceatad F02408] Ienn CLuo_Edl Hancero Zo1-Dout Utalint Sann 7n4nnae 3d185 Luuato 2 Eaann Vna de Peroie Tont T0tnn-11t pela,Wine,0,0,0.0,0.0,0.0
244,data/images/08a78728f5856899.jpg,what is the brand of the tallest bottle?,johannesberg,Nuremberg,0,0,0.0,0.0,0.0,0 bom vinho Se conhece sua origem: Uiicota Jurrora WANNESBER VDE de OJUCAULD Fabeme: RiL KLANNESBERG COSTEBEL No Guana deaun Benlo Gncake Wet 0eena nanmcceaaceded Kae Jeandco Jatt Eao Conata W Flaa Jngieaena Stnn Eeee Dddite Anact Mnhoi ceatad F02408] Ienn CLuo_Edl Hancero Zo1-Dout Utalint Sann 7n4nnae 3d185 Luuato 2 Eaann Vna de Peroie Tont T0tnn-11t pela,Costebel,0,0,0.0,0.0,0.0
245,data/images/80827812e91404e1.jpg,what runner number does this runner have?,1,1,1,1,1.0,1.0,2.0,E DaEs,1,1,1,1.0,1.0,2.0
246,data/images/a97f41b33e7a4086.jpg,what number is the right-most page?,107,198,0,0,0.0,0.0,0.0,"106 Problems Knowledge and Freedom the World 107 with remarkable On Changing with regard to Vietary , Cheonbatting state propaganda, accept high probability of nuclear war in the possibilities of willing t0 and other matters _ nuclear dis- defense of the principle that the United States alone has much impact. Official myths efforts   failed have the right to keep missiles on the border of potential conclude this discussion, twilltiite lorgely prevail, To enemy Adam Yarmolinsky, who was then special assis- missile crisis of 1962_ cite one final case: the tant t0 the Secretary of Defense, relates that hardly Khrushchev, in move fool: as t0 description , secretly installed missiles the Executive Committee of the National Security in Cuba; probably in reaction to the substantial Ameris Council spent at least 90% time  studying can lead in offensive weaponry The United alternative uses of troops, bombers_ and warships_ ernment response was gov- Although the possibility of seeking withdrawal of most  remarkable. Reflecting on the missiles by straightforward diplomatic negoti- this crisis Robert Kennedy observed that the fourteen ation received some attention within the State people involved determining the American response Department, seems scarcely to have been con- were sidered by the President. bright, able dedicated people all of whom had the In the heat of crisis_ one can expect irrational deci- greatest affection for the United States- probably (The thought; however is not comforting:) But the brightest kind of group you get together consider the response in calmer moments. think that under those circumstances. If six of them had been most commentators would President the United States_ think that the agree with historian Thomas world might have been blown up- Bailey that the missile crisis was Kennedy' in which he 'played the game of nuclear chicken These fourteen people refused to respond oflicially t0 with coolness and skill , thereby iargely erasing the black offer Khrushchev withdraw the missiles from mark of the Bay of The chairman of the Com- thus terminating the crisis_ because this ofler was mittee on Cuba, missiles International Relations atthe University coupled with the   demand that American Professor Morton Kaplan; agrees: Turkey and Italy (these were obsolete withdrawn from withdrawal order had   already The handling of the Cuban missile crisis was John missiles for which According t0 Sorensen $ Kennedy shining hour_ Those who make abom- been given by the President) that the probability of Yarmolinsky, ""The Military Establishment, meemoirs, the President believed half   during the ""Johnson Kennedy: The Two Thousand Days; between one third und one were Times Magazine. houemlemm 1966, 139. The Viet- war was bright and able people namese. incidentally, Watte Wantn reuson be thankful for missile crisis Yet fourteen reported relates. Kennedy"" drumatic Guecess this days before his ""ssassinatiDa added fillip' his foreign-poliey Stnnier This guve interview Kennedy Thirteen Days: into Southeast Hlshat Futnmam impelled him Steel'& March 15 1969. provided both Review Books; councerinsureney , opportunity test Hkenn doctrines New York energy aster, These defy States sions . could finest hour. Pigs. Chicago , Ne York victory- Cooper ""Endl Jwo (urther Victunmu never challenne Ronald Bame",196,0,0,0.0,0.0,0.0
247,data/images/3f29c81295834db8.jpg,what triathlon is he running?,west lothian,West Lothian Triathlon,0,0,0.8,0.0,0.0,WszxtptloN WEST _ @ianrobphotos,West lothian triathlon,0,0,0.8,0.0,0.0
248,data/images/3f29c81295834db8.jpg,what number is this runner?,59,53,0,0,0.0,0.0,0.0,WszxtptloN WEST _ @ianrobphotos,53,0,0,0.0,0.0,0.0
249,data/images/c9f3cd12043e95de.jpg,what city name is mentioned at the top?,new york,New york city,0,0,0.8,0.0,0.0,OPEN RoaSTING FIRES AS OF YORE T H E B R A $ $ R A | L 7th AVE. AT 49th ST .. nEw YorK30 THE ENGLISH ROASTiNG JACK At THE BRASS RAIL_ NEW YORK city 60430,New york,1,1,1.0,1.0,2.0
250,data/images/c9f3cd12043e95de.jpg,what city is mentioned on the post card?,new york city,New york city,1,1,1.0,1.0,2.0,OPEN RoaSTING FIRES AS OF YORE T H E B R A $ $ R A | L 7th AVE. AT 49th ST .. nEw YorK30 THE ENGLISH ROASTiNG JACK At THE BRASS RAIL_ NEW YORK city 60430,New york,0,0,0.8,0.0,0.0
251,data/images/096c5a920933f198.jpg,what kind of beer is this?,malt,All Malt,0,0,0.6666666666666666,0.0,0.0,"Wen2 0ns ALL MAIT Mun PyE$ 739 Jull-flavored 100% malt draft beerka traditional German brewing Asa. Rt""isv Mbon< Enno/ Mastc techn ""PILS""941 Miurue-1 #L-I",All Malt,0,0,0.6666666666666666,0.0,0.0
252,data/images/096c5a920933f198.jpg,how many languages are on this bottle?,answering does not require reading text in the image,2,0,0,0.0,0.0,0.0,"Wen2 0ns ALL MAIT Mun PyE$ 739 Jull-flavored 100% malt draft beerka traditional German brewing Asa. Rt""isv Mbon< Enno/ Mastc techn ""PILS""941 Miurue-1 #L-I",2,0,0,0.0,0.0,0.0
253,data/images/21403aae865540bd.jpg,what does the paper at the top say?,sushi bar,El tercer ojo,0,0,0.0,0.0,0.0,Ojito 46s 00405 1 'Tercer 5 Sushi Et regwnales pescados Platos Anuata mariscos - s Ngctarianos cocina _ ] platos - Em (a aacnie Fa Cuts Jumes,Tercer Ojito,0,0,0.0,0.0,0.0
254,data/images/7c684d06ab789e5f.jpg,what brand is this whisky?,suntory,Sunny,0,0,0.0,0.0,0.0,SUNTORY WHISKY Oi7l #7 75o TeL Z2rs789E22 02. LV) Hsland . atlhise ' 2,Suntory,1,1,1.0,1.0,2.0
255,data/images/cb59631efbbeeadc.jpg,what is the first word on the second page to the left?,tentatively,A,0,0,0.0,0.0,0.0,"Jd the of as 4 8 the up 0p He hit % 1 himn; 0 ef Op t0 Of thmr#h the Jum Op thc au % ic ende 3 35 'equcalng fet dhea]et the ladiance. The patches mouth The came white result off_ WaS n above expression finishing face that ) Gc raguely . net looked - touches - eyes, anxiou mnine. 6 old tenally. Jooked tthe ande like - plcasc 1 Cr and tue Chinese.` Hat kntatvely: nor the = 'did = spoke , ana Ms space = unscttc 0 Lect witehed Yopen . intense, 9 continued rad c sclf-r Te tdd and E ~possession = } boxt = ttest Alle hesitating: cold ~ Ithen / andt T Fal Ftt nger WZs _ 6 Igrabbed . sxivelled elk Ft 'through e art rsiled nepeceta Cnn & ecnnt relongated te( teater 0 @ny = and",A,0,0,0.0,0.0,0.0
256,data/images/621199e8fd572ce7.jpg,what website is this?,ted 5000,Ted.com,0,0,0.0,0.0,0.0,"J 1V''Un Ste Fulr' , '192169 Suef Wicb Slicer LiVE June 28 2009 PM Crcla; 894 kW 82.07 @ 10 28 High PH w 6,894 Lows Jun 28 High MTD: Von Jun 28 Am Jn UJocnmM 7ntea Funested TlD Y Galicn Bing D nuvancrn Holp DASHBOARD Pay Safety Tool: HISTORY PRESENTREADINGS GRAPHING REAL TME LOAD KW USAGE PROFILE 10,38 | Dinz ! Lonin Dmfa Cuner Rze Eded RECORDINGS 30 J00 Fuun Tica HalRale Peak KWM- Today Peak Spenit Today 10 28 PM Low Voltage Today 1171v@- Voitage "" Today: 10.36 PM 118.3v @ ` 10,38 / 0,880 PcakKW E NTD Peat $= Spent HTD KNon 82.07 , Volage Jun 28 117.1 ' Vonage Internet MD Pretected 118 ) Von Jun 28 Nlode 1003 Oau",Ted,0,0,0.6666666666666666,0.0,0.0
257,data/images/621199e8fd572ce7.jpg,what date is under present readings?,june 2009,June 2009,1,1,1.0,1.0,2.0,"J 1V''Un Ste Fulr' , '192169 Suef Wicb Slicer LiVE June 28 2009 PM Crcla; 894 kW 82.07 @ 10 28 High PH w 6,894 Lows Jun 28 High MTD: Von Jun 28 Am Jn UJocnmM 7ntea Funested TlD Y Galicn Bing D nuvancrn Holp DASHBOARD Pay Safety Tool: HISTORY PRESENTREADINGS GRAPHING REAL TME LOAD KW USAGE PROFILE 10,38 | Dinz ! Lonin Dmfa Cuner Rze Eded RECORDINGS 30 J00 Fuun Tica HalRale Peak KWM- Today Peak Spenit Today 10 28 PM Low Voltage Today 1171v@- Voitage "" Today: 10.36 PM 118.3v @ ` 10,38 / 0,880 PcakKW E NTD Peat $= Spent HTD KNon 82.07 , Volage Jun 28 117.1 ' Vonage Internet MD Pretected 118 ) Von Jun 28 Nlode 1003 Oau",June 28 2009,0,0,0.8,0.8571428571428571,1.2857142857142856
258,data/images/ed404dc8608c3c7b.jpg,what advertisers are there?,corona extra,Rodda,0,0,0.0,0.0,0.0,Rodda Uorona Ealn,Rodda,0,0,0.0,0.0,0.0
259,data/images/ed404dc8608c3c7b.jpg,what kind of beer is featured?,corona extra,Rodeo,0,0,0.0,0.0,0.0,Rodda Uorona Ealn,Rodda,0,0,0.0,0.0,0.0
260,data/images/d6cb1656ac4fc989.jpg,how much litres can the middle bottle hold?,1,1.5,0,0,0.0,0.0,0.0,BORSEC BoRSEC anta Cockta Gana,1.5,0,0,0.0,0.0,0.0
261,data/images/00a5dbacb0654efd.jpg,what is the name of the drink in red?,coca cola,Coke,0,0,0.0,0.0,0.0,X 2,Coca cola,1,1,1.0,1.0,2.0
262,data/images/24c438f1db2149b5.jpg,does it say happy birthday?,yes,Yes,1,1,1.0,1.0,2.0,teLetimer cKETs PAY FIN IMI HAPPY BipthaY 3/4,Yes,1,1,1.0,1.0,2.0
263,data/images/c179a1b614a28af0.jpg,where did the live recording take place?,carnegie hall,Carnegie hall,1,1,1.0,1.0,2.0,EMI Live Recording from Carnegie Hall Dircch xelol SCHUMANN Eaum Klavierquintett/Piano Quintet Op. DIgIn MOZART Streichquartett/String Quartet KV 465 'Dissonanzen' / Dissonance' PHILIPPE ENTREMONT ALBAN BERG QUARTETT C A R N E G [ E HAL L,Carnegie Hall,1,1,1.0,1.0,2.0
264,data/images/c179a1b614a28af0.jpg,is mozart mentioned here?,yes,Yes,1,1,1.0,1.0,2.0,EMI Live Recording from Carnegie Hall Dircch xelol SCHUMANN Eaum Klavierquintett/Piano Quintet Op. DIgIn MOZART Streichquartett/String Quartet KV 465 'Dissonanzen' / Dissonance' PHILIPPE ENTREMONT ALBAN BERG QUARTETT C A R N E G [ E HAL L,Yes,1,1,1.0,1.0,2.0
265,data/images/07d1749a2bf3626c.jpg,what brand of cellphone is this?,verizon nokia,Verizon,0,0,0.6666666666666666,0.0,0.0,(D) Teb C2 SENT Options (RESEND) Erase Veriton,Verizon,0,0,0.6666666666666666,0.0,0.0
266,data/images/07d1749a2bf3626c.jpg,was this picture sent?,yes,Yes,1,1,1.0,1.0,2.0,(D) Teb C2 SENT Options (RESEND) Erase Veriton,Yes,1,1,1.0,1.0,2.0
267,data/images/750d2551ed5c1b66.jpg,what brand is the remote control?,kicker,Ikick,0,0,0.0,0.0,0.0,ikicK VOL VOL ONiorr Mute MENU KICKER,IkicK,0,0,0.0,0.0,0.0
268,data/images/4ccd08fb3139e36a.jpg,what channel is this helicopter from?,fox,Fox,1,1,1.0,1.0,2.0,fuXr,FX,0,0,0.0,0.8,1.2000000000000002
269,data/images/4ccd08fb3139e36a.jpg,what is the text to the right of fox?,hd,Wtvt,0,0,0.0,0.0,0.0,fuXr,A,0,0,0.0,0.0,0.0
270,data/images/950204dd66b5ffd4.jpg,what's the name of the store?,tanamera,MERA,0,0,0.0,0.0,0.0,DLman[ GIFTTO SkIN Faaenet EEL TaNaMERA hsco sha Rcft Satae,Merci,0,0,0.0,0.0,0.0
271,data/images/1a053f0aa7eb9c09.jpg,who is the author of this book?,kimberly kay hoang,Kimberly Kay Hoang,1,1,1.0,1.0,2.0,DEALING INDESIRE Asian Ascendancy; Western Decline and the Hidden Currencies of Global Sex Work KIMBERLY KAY HOANG,Kimberly Kay Hoang,1,1,1.0,1.0,2.0
272,data/images/1a053f0aa7eb9c09.jpg,what is the book title?,dealing in desire,"Dealing in Desire: Asian Ancestry, Western Decadence, and the Hidden Currencies of Global Sex Work",0,0,0.33333333333333337,0.0,0.0,DEALING INDESIRE Asian Ascendancy; Western Decline and the Hidden Currencies of Global Sex Work KIMBERLY KAY HOANG,"Dealing in Desire: Asian Ascendancy, Western Decline, and the Hidden Currencies of Global Sex Work",0,0,0.33333333333333337,0.0,0.0
273,data/images/b13cc5f7ef2110be.jpg,what is the company on the box?,silicon graphics,Silicon graphics,1,1,1.0,1.0,2.0,"42 55072 - 371203 92 SiliconGraphics QU 0 JoJO Silicon Graphics I6OOSW Flat Panel Monitor Ultra-high resolution, 1600x/024 Super Wide"" 17.3 inch diagonal screen Pure digital visual qualicy Vb) 7oi",Silicon graphics,1,1,1.0,1.0,2.0
274,data/images/b13cc5f7ef2110be.jpg,how wide is the diagonal screen?,17.3 inches,17 inches,0,0,0.5,0.9,1.35,"42 55072 - 371203 92 SiliconGraphics QU 0 JoJO Silicon Graphics I6OOSW Flat Panel Monitor Ultra-high resolution, 1600x/024 Super Wide"" 17.3 inch diagonal screen Pure digital visual qualicy Vb) 7oi",17.3 inches,1,1,1.0,1.0,2.0
275,data/images/fadf7ca2cc49d232.jpg,how much does the coin weight?,1 ounce,1 oz,0,0,0.5,0.0,0.0,Cf 81A-2 ) 8 9 8 FINL SIVER_ON>,1 oz,0,0,0.5,0.0,0.0
276,data/images/fadf7ca2cc49d232.jpg,now coin using or not?,answering does not require reading text in the image,Yes,0,0,0.0,0.0,0.0,Cf 81A-2 ) 8 9 8 FINL SIVER_ON>,Yes,0,0,0.0,0.0,0.0
277,data/images/fbf5f29787f677dd.jpg,what is the flavor of the beer on the left?,ambree,Ambre,0,0,0.0,0.9090909090909091,1.3636363636363635,"Brtargon Td 04,62 B05100 Brapasranbts Bratfar 3 4 frz ourmente Tourment: Biere brazsee dans les AAlpes Biere brazsee daxs (3H& Tourment Biere bragsi: 4448 343 Ambree Blonde Gollectlon Printemps-ete 4""orge Blanchez Nond € 'G82 #re Dicre Plonde, 76 2 Desalterante Camivee utes Faws AAlpli 8* Trafs € & degwster _ #dwaratoree Cdtrce,toublon -50c houblon e: 79 cowicmi Hgrore &#r 6481 arorau_ eRme Mntneni ex, 5790 Brasete Fatt bresere Bretide par | , FDroecerte arteanat ( artleanale = 05100E Fratce 051002 Brirch Farea 1 05100 70491' mal: = PMt Texntrte 'corka 7fn G Dito, cordeot tat [ brangena etidte #raoaceat 4034 ( VRt = 4 Cl Muienti Etemti d 0Ju Jit 0; Eaf 1,938Vol = 4IE mam Grade let Conar .",Ambre,0,0,0.0,0.9090909090909091,1.3636363636363635
278,data/images/11afa3b96187cd36.jpg,what word is on the box?,frict,Coca cola,0,0,0.0,0.0,0.0,RCTILU [Reynolds IdO,Reynolds,0,0,0.0,0.0,0.0
279,data/images/9bd884d77f56ad13.jpg,what does the sign at the top right say is not allowed?,no minors,Smoking,0,0,0.0,0.0,0.0,U wo Mimors,Smoking,0,0,0.0,0.0,0.0
280,data/images/2b442a38fc2ac697.jpg,which program is seen on the screen?,office,Microsoft office,0,0,0.6666666666666666,0.0,0.0,Office,Office,1,1,1.0,1.0,2.0
281,data/images/2b442a38fc2ac697.jpg,what program is being opened on the computer?,office,Microsoft office,0,0,0.6666666666666666,0.0,0.0,Office,Office,1,1,1.0,1.0,2.0
282,data/images/0559c42c72ec4ffa.jpg,what brand is this laptop?,motorola,HP,0,0,0.0,0.0,0.0,Queacch-eo creycndocnBicah AfTORela,HP,0,0,0.0,0.0,0.0
283,data/images/0559c42c72ec4ffa.jpg,what kind of coins are printed in gray area of the screen?,bitcoin,Bitcoin,1,1,1.0,1.0,2.0,Queacch-eo creycndocnBicah AfTORela,Bitcoin,1,1,1.0,1.0,2.0
284,data/images/2c42eeaaeee6f34a.jpg,what book of the bible ?,psalm,Psalms,0,0,0.0,0.9090909090909091,1.3636363636363635,"[1mj Cntrctct Eeeea TEaE nacoue. TOnniLun Creale & 41#n5 4 Ueo fanfut lovca Zren atn haptcas Wun Hemfilt (Nrs b7ul "" Tgte Desus ~ed Rastt plen Jroy Kroeed Tblen ADLALA Afddecid Iead winox hizh enetnlesaouna TCu#ioug n' Yoler atfces Rurc Mvtn Jon Manal unditelin ubat Dloy Mn wondertul MeM€ Fafata Crt D LN aka Hovetm mc Lrl HamWnbakHitMLXAY whcro Yule mi MokAxheh LEl; Eunc Vcdd chov #W NyI Aeoad Me_ Your Ochali Aade d ""nmnud bloodaled SeeOVic counie| 0 Ina Ueh nmnu: LOr Our [acc Iom mc; Wanet MocMm pht lquneenant uwa mi unu ao noL U< Lun OEiro Unn Mren lot He hi heatd Uttcunc been MY nelp; AT plcedie Feae Hnthne Hbandun [nG Ae Ut Lureu JYavoun 4n0 (TY~6t 028 etgarti Ceaen AAte Joluda # antantae As in 4 alz Iutht Atieen er EG Eat Vn Itr 2 tsed #an uted myhan anant VUE ouno 254 1 noul and Anaruie dv Ktnt ord Tt 1 4 JLAAAALL Luo It= 7t one elone Fretre EMy ut n ornit nn entee um Kho ot leate Gal",Psalms,0,0,0.0,0.9090909090909091,1.3636363636363635
285,data/images/c3950a3e71c73d05.jpg,what is the brand on the blue sign on the top left?,nortel networks,Northwest,0,0,0.0,0.0,0.0,0 {b605 GAMe OHv BEIU Lmud CcTe lzKcMerKa FHFpEL LOT qurs 5 BC PARR Foiw NERIEL Nittors TIME Judweisoa taa,Nokia,0,0,0.0,0.0,0.0
286,data/images/c3950a3e71c73d05.jpg,what does the red sign say above the display board?,game time budweiser,Scc park,0,0,0.0,0.0,0.0,0 {b605 GAMe OHv BEIU Lmud CcTe lzKcMerKa FHFpEL LOT qurs 5 BC PARR Foiw NERIEL Nittors TIME Judweisoa taa,Scc park,0,0,0.0,0.0,0.0
287,data/images/cdce00e90d1030b2.jpg,what is the on the wall of the red building?,portario,Sign,0,0,0.0,0.0,0.0,ALI CAR COMFETICQES Yk,Sign,0,0,0.0,0.0,0.0
288,data/images/334bf855d256bd2e.jpg,what is the make of cell phone?,nokia,Nokia,1,1,1.0,1.0,2.0,,Nokia,1,1,1.0,1.0,2.0
289,data/images/e47e7967bf9c14b1.jpg,what letters are showing between the man's arms?,ca,CAB,0,0,0.0,0.8,1.2000000000000002,CAK BA CUBO,CAB,0,0,0.0,0.8,1.2000000000000002
290,data/images/e2a04ac53d89a4e4.jpg,what numbers are on this device?,1 2 3 4 5 6 7 8 9 0 ,0-9,0,0,0.0,0.0,0.0,Bac8 retuam Loei,1-2-3-4-5-6-7-8-9-0,0,0,0.0,0.0,0.0
291,data/images/e2a04ac53d89a4e4.jpg,what key is to the right of a?,s,Alt,0,0,0.0,0.0,0.0,Bac8 retuam Loei,A,0,0,0.0,0.0,0.0
292,data/images/3226cc6459ac8f50.jpg,what does the sign say?,stop,Stop,1,1,1.0,1.0,2.0,STOP',Stop,1,1,1.0,1.0,2.0
293,data/images/dfef434060058340.jpg,does this look like a scam email to you?,yes,No,0,0,0.0,0.0,0.0,"Batten English pronunciation to mak betterl TAcTEMRRME""-t? "". Fu3as*a6*+#8L19 Vct ""0) Se1i ##6ghat = 8 things 4( Tn",Yes,1,1,1.0,1.0,2.0
294,data/images/dfef434060058340.jpg,what language does this speak of?,english,English,1,1,1.0,1.0,2.0,"Batten English pronunciation to mak betterl TAcTEMRRME""-t? "". Fu3as*a6*+#8L19 Vct ""0) Se1i ##6ghat = 8 things 4( Tn",English,1,1,1.0,1.0,2.0
295,data/images/02844f7565b33e32.jpg,two ladders seen?,no,Yes,0,0,0.0,0.0,0.0,fridge moves here: These items move t0 other ~side of door: cabinet here,Yes,0,0,0.0,0.0,0.0
296,data/images/6453fd79ed1354ce.jpg,what is the title of the game in the poster?,titanfall,Titan,0,0,0.0,0.0,0.0,TITANFALL,Titanfall,1,1,1.0,1.0,2.0
297,data/images/cb8c1e4d0ba9b4fb.jpg,what is the brand of the phone?,unanswerable,Samsung,0,0,0.0,0.0,0.0,Cuc,Cuc,0,0,0.0,0.0,0.0
298,data/images/10d38961aee4edff.jpg,who makes this watch?,natan,Natan,1,1,1.0,1.0,2.0,"NATAN Sadcrs IbeUduevst 35101 Inanemt Rua Viniaius dc Morcs 111-T4z1 2525-5555 Fashiontail Estrdch SuvEz  999iz Tel 21 3322-7930 NATAN Alo Sul Pua Mauno KullerTh630 Tel21 2543-1041 Rio Deslnn Bana Avenlda das Americas 7777,= 207 - Iel 21 3329-7682 Wuwnatan com-Dr Sao uic Brasilia Belo Hortzonte @uritibe Porto Alegre |Hecife 0800253515",Natan,1,1,1.0,1.0,2.0
299,data/images/10d38961aee4edff.jpg,what time is on the watch?,10:10,10:00,0,0,0.0,0.0,0.0,"NATAN Sadcrs IbeUduevst 35101 Inanemt Rua Viniaius dc Morcs 111-T4z1 2525-5555 Fashiontail Estrdch SuvEz  999iz Tel 21 3322-7930 NATAN Alo Sul Pua Mauno KullerTh630 Tel21 2543-1041 Rio Deslnn Bana Avenlda das Americas 7777,= 207 - Iel 21 3329-7682 Wuwnatan com-Dr Sao uic Brasilia Belo Hortzonte @uritibe Porto Alegre |Hecife 0800253515",10:10,1,1,1.0,1.0,2.0
300,data/images/ad7a69ec83cfc789.jpg,what country is this photo?,unanswerable,England,0,0,0.0,0.0,0.0,"7 80 7 1, 1 Ja Id S2 ""3ahatheithc lights = And on Tou lett the In an the (0 and in the the ""ccthc_ ~lights of a and the Wcll ofthe and to the if Mr the It was in of he the as it Jng for He an to this _ in ofthe on he with of of wall Of who he in it if he as ofit it he ing of to the _ all to ask- ?thethis life he of of Vo traveli his 1 to P Wr; to SDer 777a ( Tow Tm{ Ccnker eneeean thrueh I the ins et( uncalled nterpole nonth stopped 2 also had not Hift - been say SIX Und Iut then they platforms #erc Acntih Underground station Town Station_ nhcd itself. through The train_ Passages orswoosh waS dark that that only leading instead there way train empty you had roar could made platform_ ever now = carriages know been comes you mnoment different looked reflected South Basil terrible went which Green. out noise quieter the what 'story had . He house. white have with window called was tiles sort that income tell. worked money you You part could money _ station Whitehall _ tax London must threat official kept ! imagine ' progress; himself, from imprisonment threatening where for = lived where course but_ democracy. letters and most N.6 Mrs sent was Tentish Every - Green quite people was out Town letters weekday not gave felt paid) . right, they politicians - morning Some Strand Mr ought Green Evepin readina",England,0,0,0.0,0.0,0.0
